state_type	epoch	learning_rate	query_count	query_loss_sum	query_loss	query_match_count	query_match	eval_count	victim_correct	surrogate_correct	agreement_count	victim_acc	surrogate_acc	fidelity	posterior_kl_sum	posterior_kl
weight	1	0.01	500	2382.429780960083	4.764859561920166	15	0.03	10000	6182	161	158	0.6182	0.0161	0.0158	37035.1399307251	3.7035139930725096
weight	2	0.01	500	1554.1001434326172	3.1082002868652343	214	0.428	10000	6182	481	506	0.6182	0.0481	0.0506	35105.44495391846	3.5105444953918457
weight	3	0.01	500	1109.466848373413	2.2189336967468263	361	0.722	10000	6182	936	982	0.6182	0.0936	0.0982	32912.69829559326	3.2912698295593263
weight	4	0.01	500	853.2179985046387	1.7064359970092773	398	0.796	10000	6182	1133	1183	0.6182	0.1133	0.1183	31713.369338989258	3.171336933898926
weight	5	0.01	500	672.8551721572876	1.3457103443145753	452	0.904	10000	6182	1261	1326	0.6182	0.1261	0.1326	31084.375144958496	3.10843751449585
weight	6	0.01	500	577.0567407608032	1.1541134815216065	464	0.928	10000	6182	1303	1363	0.6182	0.1303	0.1363	30831.223415374756	3.0831223415374756
weight	7	0.01	500	507.4731397628784	1.014946279525757	473	0.946	10000	6182	1311	1359	0.6182	0.1311	0.1359	30661.557945251465	3.0661557945251463
weight	8	0.01	500	471.70116233825684	0.9434023246765136	480	0.96	10000	6182	1337	1400	0.6182	0.1337	0.14	30504.55955886841	3.0504559558868407
weight	9	0.01	500	437.4652338027954	0.8749304676055908	474	0.948	10000	6182	1365	1428	0.6182	0.1365	0.1428	30343.816284179688	3.0343816284179685
weight	10	0.01	500	416.11479663848877	0.8322295932769775	478	0.956	10000	6182	1374	1455	0.6182	0.1374	0.1455	30248.194221496582	3.0248194221496583
weight	11	0.01	500	400.2917561531067	0.8005835123062134	480	0.96	10000	6182	1362	1436	0.6182	0.1362	0.1436	30135.3277053833	3.01353277053833
weight	12	0.01	500	390.8444883823395	0.781688976764679	483	0.966	10000	6182	1382	1435	0.6182	0.1382	0.1435	30102.842979431152	3.010284297943115
weight	13	0.01	500	386.85368514060974	0.7737073702812195	480	0.96	10000	6182	1410	1471	0.6182	0.141	0.1471	29934.89702606201	2.993489702606201
weight	14	0.01	500	371.19917011260986	0.7423983402252198	485	0.97	10000	6182	1424	1491	0.6182	0.1424	0.1491	29807.863441467285	2.9807863441467286
weight	15	0.01	500	371.5373432636261	0.7430746865272522	482	0.964	10000	6182	1426	1496	0.6182	0.1426	0.1496	29794.027053833008	2.979402705383301
weight	16	0.01	500	358.6968858242035	0.717393771648407	486	0.972	10000	6182	1423	1498	0.6182	0.1423	0.1498	29688.280883789062	2.968828088378906
weight	17	0.01	500	356.4360477924347	0.7128720955848694	488	0.976	10000	6182	1446	1513	0.6182	0.1446	0.1513	29591.033531188965	2.9591033531188966
weight	18	0.01	500	349.80593371391296	0.6996118674278259	482	0.964	10000	6182	1431	1496	0.6182	0.1431	0.1496	29512.890998840332	2.951289099884033
weight	19	0.01	500	350.57552433013916	0.7011510486602783	486	0.972	10000	6182	1454	1515	0.6182	0.1454	0.1515	29414.786506652832	2.941478650665283
weight	20	0.01	500	343.18481636047363	0.6863696327209473	487	0.974	10000	6182	1449	1528	0.6182	0.1449	0.1528	29361.685188293457	2.9361685188293456
weight	21	0.01	500	339.51804542541504	0.67903609085083	484	0.968	10000	6182	1463	1540	0.6182	0.1463	0.154	29237.987548828125	2.9237987548828124
weight	22	0.01	500	337.24186968803406	0.6744837393760681	478	0.956	10000	6182	1460	1525	0.6182	0.146	0.1525	29204.188903808594	2.9204188903808594
weight	23	0.01	500	338.7961595058441	0.6775923190116883	478	0.956	10000	6182	1474	1540	0.6182	0.1474	0.154	29197.740272521973	2.9197740272521973
weight	24	0.01	500	339.71637201309204	0.679432744026184	487	0.974	10000	6182	1474	1525	0.6182	0.1474	0.1525	29175.166160583496	2.9175166160583497
weight	25	0.01	500	333.80139350891113	0.6676027870178223	483	0.966	10000	6182	1498	1559	0.6182	0.1498	0.1559	29072.83716583252	2.907283716583252
weight	26	0.01	500	332.1163823604584	0.6642327647209167	480	0.96	10000	6182	1477	1545	0.6182	0.1477	0.1545	29005.650360107422	2.9005650360107422
weight	27	0.01	500	330.69196701049805	0.661383934020996	485	0.97	10000	6182	1477	1547	0.6182	0.1477	0.1547	28991.680290222168	2.8991680290222166
weight	28	0.01	500	326.6281900405884	0.6532563800811768	475	0.95	10000	6182	1497	1582	0.6182	0.1497	0.1582	28922.455165863037	2.892245516586304
weight	29	0.01	500	329.6328535079956	0.6592657070159912	487	0.974	10000	6182	1520	1573	0.6182	0.152	0.1573	28909.02582550049	2.8909025825500487
weight	30	0.01	500	325.160537481308	0.6503210749626159	486	0.972	10000	6182	1511	1581	0.6182	0.1511	0.1581	28822.587329864502	2.8822587329864504
weight	31	0.01	500	324.1449613571167	0.6482899227142334	486	0.972	10000	6182	1529	1597	0.6182	0.1529	0.1597	28788.121074676514	2.878812107467651
weight	32	0.01	500	322.83670806884766	0.6456734161376954	492	0.984	10000	6182	1528	1579	0.6182	0.1528	0.1579	28737.61985015869	2.8737619850158693
weight	33	0.01	500	322.8294084072113	0.6456588168144226	478	0.956	10000	6182	1528	1603	0.6182	0.1528	0.1603	28687.23854827881	2.868723854827881
weight	34	0.01	500	320.9442000389099	0.6418884000778198	489	0.978	10000	6182	1521	1587	0.6182	0.1521	0.1587	28627.862758636475	2.8627862758636473
weight	35	0.01	500	319.19984555244446	0.6383996911048889	487	0.974	10000	6182	1520	1590	0.6182	0.152	0.159	28598.899894714355	2.8598899894714354
weight	36	0.01	500	321.4567645788193	0.6429135291576386	482	0.964	10000	6182	1522	1571	0.6182	0.1522	0.1571	28604.897171020508	2.860489717102051
weight	37	0.01	500	320.6943327188492	0.6413886654376983	474	0.948	10000	6182	1531	1592	0.6182	0.1531	0.1592	28553.37442779541	2.855337442779541
weight	38	0.01	500	314.64932346343994	0.6292986469268799	490	0.98	10000	6182	1521	1597	0.6182	0.1521	0.1597	28510.92751312256	2.851092751312256
weight	39	0.01	500	314.5584318637848	0.6291168637275696	485	0.97	10000	6182	1523	1607	0.6182	0.1523	0.1607	28502.02613067627	2.850202613067627
weight	40	0.01	500	314.2589156627655	0.628517831325531	489	0.978	10000	6182	1536	1601	0.6182	0.1536	0.1601	28427.69143295288	2.842769143295288
weight	41	0.01	500	315.26540327072144	0.6305308065414429	487	0.974	10000	6182	1512	1589	0.6182	0.1512	0.1589	28394.146572113037	2.8394146572113037
weight	42	0.01	500	311.2297158241272	0.6224594316482543	488	0.976	10000	6182	1551	1618	0.6182	0.1551	0.1618	28381.49412536621	2.838149412536621
weight	43	0.01	500	312.44832825660706	0.6248966565132141	489	0.978	10000	6182	1540	1609	0.6182	0.154	0.1609	28398.93197631836	2.839893197631836
weight	44	0.01	500	308.507554769516	0.6170151095390319	489	0.978	10000	6182	1531	1613	0.6182	0.1531	0.1613	28290.360206604004	2.8290360206604004
weight	45	0.01	500	310.81416487693787	0.6216283297538757	484	0.968	10000	6182	1547	1615	0.6182	0.1547	0.1615	28324.45994567871	2.832445994567871
weight	46	0.01	500	308.06772351264954	0.6161354470252991	486	0.972	10000	6182	1546	1617	0.6182	0.1546	0.1617	28265.908935546875	2.8265908935546875
weight	47	0.01	500	310.8928470611572	0.6217856941223144	481	0.962	10000	6182	1543	1627	0.6182	0.1543	0.1627	28205.20928955078	2.8205209289550783
weight	48	0.01	500	307.6847541332245	0.615369508266449	489	0.978	10000	6182	1543	1628	0.6182	0.1543	0.1628	28212.73420715332	2.821273420715332
weight	49	0.01	500	307.826708316803	0.615653416633606	493	0.986	10000	6182	1548	1635	0.6182	0.1548	0.1635	28174.429489135742	2.817442948913574
weight	50	0.01	500	306.6546256542206	0.6133092513084412	484	0.968	10000	6182	1538	1627	0.6182	0.1538	0.1627	28114.90859222412	2.811490859222412
weight	51	0.01	500	307.8930790424347	0.6157861580848694	486	0.972	10000	6182	1548	1625	0.6182	0.1548	0.1625	28094.614253997803	2.80946142539978
weight	52	0.01	500	306.5943646430969	0.6131887292861938	479	0.958	10000	6182	1546	1641	0.6182	0.1546	0.1641	28070.7325630188	2.80707325630188
weight	53	0.01	500	307.26563000679016	0.6145312600135803	480	0.96	10000	6182	1545	1624	0.6182	0.1545	0.1624	28067.597240447998	2.8067597240447997
weight	54	0.01	500	306.5361692905426	0.6130723385810852	490	0.98	10000	6182	1558	1647	0.6182	0.1558	0.1647	28040.16982269287	2.804016982269287
weight	55	0.01	500	304.9618102312088	0.6099236204624175	482	0.964	10000	6182	1565	1644	0.6182	0.1565	0.1644	28000.375606536865	2.8000375606536867
weight	56	0.01	500	304.93947100639343	0.6098789420127869	484	0.968	10000	6182	1574	1655	0.6182	0.1574	0.1655	27997.123085021973	2.799712308502197
weight	57	0.01	500	307.69311714172363	0.6153862342834473	483	0.966	10000	6182	1566	1639	0.6182	0.1566	0.1639	28021.672729492188	2.8021672729492186
weight	58	0.01	500	302.5654077529907	0.6051308155059815	485	0.97	10000	6182	1574	1645	0.6182	0.1574	0.1645	27968.783557891846	2.7968783557891848
weight	59	0.01	500	308.44903922080994	0.6168980784416199	481	0.962	10000	6182	1569	1644	0.6182	0.1569	0.1644	27988.03373336792	2.798803373336792
weight	60	0.01	500	303.95639419555664	0.6079127883911133	480	0.96	10000	6182	1574	1649	0.6182	0.1574	0.1649	27979.45472717285	2.797945472717285
weight	61	0.001	500	302.70285308361053	0.6054057061672211	486	0.972	10000	6182	1566	1651	0.6182	0.1566	0.1651	27977.750297546387	2.797775029754639
weight	62	0.001	500	302.29321694374084	0.6045864338874817	482	0.964	10000	6182	1562	1644	0.6182	0.1562	0.1644	27944.877979278564	2.7944877979278564
weight	63	0.001	500	302.01202940940857	0.6040240588188172	481	0.962	10000	6182	1566	1651	0.6182	0.1566	0.1651	27959.541831970215	2.7959541831970216
weight	64	0.001	500	302.4722492694855	0.6049444985389709	485	0.97	10000	6182	1566	1650	0.6182	0.1566	0.165	27948.25705718994	2.7948257057189942
weight	65	0.001	500	303.1725318431854	0.6063450636863709	488	0.976	10000	6182	1578	1658	0.6182	0.1578	0.1658	27931.79683303833	2.793179683303833
weight	66	0.001	500	300.4566242694855	0.600913248538971	486	0.972	10000	6182	1587	1664	0.6182	0.1587	0.1664	27936.15430831909	2.793615430831909
weight	67	0.001	500	302.39866042137146	0.604797320842743	480	0.96	10000	6182	1576	1655	0.6182	0.1576	0.1655	27932.02495574951	2.7932024955749513
weight	68	0.001	500	301.3758819103241	0.6027517638206482	487	0.974	10000	6182	1575	1656	0.6182	0.1575	0.1656	27939.90505218506	2.7939905052185057
weight	69	0.001	500	300.9550745487213	0.6019101490974427	486	0.972	10000	6182	1576	1659	0.6182	0.1576	0.1659	27934.63823699951	2.7934638236999514
weight	70	0.001	500	300.0101668834686	0.6000203337669373	491	0.982	10000	6182	1562	1653	0.6182	0.1562	0.1653	27910.196620941162	2.7910196620941163
weight	71	0.001	500	302.1272382736206	0.6042544765472412	492	0.984	10000	6182	1564	1650	0.6182	0.1564	0.165	27944.525260925293	2.7944525260925293
weight	72	0.001	500	301.4968612194061	0.6029937224388122	486	0.972	10000	6182	1564	1656	0.6182	0.1564	0.1656	27932.706214904785	2.7932706214904783
weight	73	0.001	500	299.6436401605606	0.5992872803211212	488	0.976	10000	6182	1562	1639	0.6182	0.1562	0.1639	27910.163719177246	2.7910163719177246
weight	74	0.001	500	300.55868554115295	0.6011173710823059	490	0.98	10000	6182	1586	1658	0.6182	0.1586	0.1658	27891.069465637207	2.7891069465637206
weight	75	0.001	500	300.409969329834	0.600819938659668	490	0.98	10000	6182	1587	1654	0.6182	0.1587	0.1654	27911.10849380493	2.7911108493804933
weight	76	0.001	500	300.1176300048828	0.6002352600097656	490	0.98	10000	6182	1572	1643	0.6182	0.1572	0.1643	27936.99627304077	2.7936996273040773
weight	77	0.001	500	298.7069978713989	0.5974139957427979	487	0.974	10000	6182	1569	1647	0.6182	0.1569	0.1647	27922.708656311035	2.7922708656311035
weight	78	0.001	500	298.8305914402008	0.5976611828804016	493	0.986	10000	6182	1575	1650	0.6182	0.1575	0.165	27928.10829925537	2.792810829925537
weight	79	0.001	500	299.0863025188446	0.5981726050376892	491	0.982	10000	6182	1585	1664	0.6182	0.1585	0.1664	27911.92081451416	2.791192081451416
weight	80	0.001	500	300.9003074169159	0.6018006148338317	491	0.982	10000	6182	1573	1657	0.6182	0.1573	0.1657	27929.476863861084	2.7929476863861082
weight	81	0.001	500	300.3945314884186	0.6007890629768372	488	0.976	10000	6182	1571	1648	0.6182	0.1571	0.1648	27945.59962463379	2.794559962463379
weight	82	0.001	500	299.1138560771942	0.5982277121543884	488	0.976	10000	6182	1571	1656	0.6182	0.1571	0.1656	27911.103092193604	2.7911103092193605
weight	83	0.001	500	299.34726119041443	0.5986945223808289	487	0.974	10000	6182	1577	1650	0.6182	0.1577	0.165	27913.869636535645	2.7913869636535646
weight	84	0.001	500	299.30989694595337	0.5986197938919068	491	0.982	10000	6182	1567	1644	0.6182	0.1567	0.1644	27911.35916519165	2.791135916519165
weight	85	0.001	500	300.46957659721375	0.6009391531944275	482	0.964	10000	6182	1571	1657	0.6182	0.1571	0.1657	27916.311141967773	2.7916311141967776
weight	86	0.001	500	298.5484371185303	0.5970968742370606	488	0.976	10000	6182	1572	1654	0.6182	0.1572	0.1654	27908.97647857666	2.790897647857666
weight	87	0.001	500	299.89225459098816	0.5997845091819763	486	0.972	10000	6182	1564	1656	0.6182	0.1564	0.1656	27911.247310638428	2.7911247310638427
weight	88	0.001	500	300.11041712760925	0.6002208342552185	488	0.976	10000	6182	1572	1658	0.6182	0.1572	0.1658	27882.77410888672	2.788277410888672
weight	89	0.001	500	299.08199429512024	0.5981639885902404	495	0.99	10000	6182	1567	1646	0.6182	0.1567	0.1646	27875.826190948486	2.7875826190948487
weight	90	0.001	500	298.256222486496	0.5965124449729919	486	0.972	10000	6182	1567	1657	0.6182	0.1567	0.1657	27873.278038024902	2.7873278038024902
weight	91	0.001	500	301.3667414188385	0.602733482837677	490	0.98	10000	6182	1573	1656	0.6182	0.1573	0.1656	27879.718063354492	2.7879718063354493
weight	92	0.001	500	299.76160621643066	0.5995232124328613	487	0.974	10000	6182	1569	1648	0.6182	0.1569	0.1648	27909.916458129883	2.7909916458129884
weight	93	0.001	500	299.86642694473267	0.5997328538894653	486	0.972	10000	6182	1572	1652	0.6182	0.1572	0.1652	27903.804458618164	2.790380445861816
weight	94	0.001	500	297.89344906806946	0.5957868981361389	488	0.976	10000	6182	1570	1649	0.6182	0.157	0.1649	27866.170776367188	2.786617077636719
weight	95	0.001	500	301.0130968093872	0.6020261936187744	483	0.966	10000	6182	1580	1670	0.6182	0.158	0.167	27874.007514953613	2.7874007514953614
weight	96	0.001	500	299.37423968315125	0.5987484793663025	490	0.98	10000	6182	1564	1662	0.6182	0.1564	0.1662	27868.4048538208	2.78684048538208
weight	97	0.001	500	297.7178621292114	0.5954357242584228	487	0.974	10000	6182	1570	1664	0.6182	0.157	0.1664	27859.209316253662	2.785920931625366
weight	98	0.001	500	298.00051856040955	0.5960010371208191	491	0.982	10000	6182	1570	1658	0.6182	0.157	0.1658	27856.050338745117	2.7856050338745115
weight	99	0.001	500	297.8392701148987	0.5956785402297974	489	0.978	10000	6182	1582	1670	0.6182	0.1582	0.167	27843.44229888916	2.784344229888916
weight	100	0.001	500	297.5952501296997	0.5951905002593995	488	0.976	10000	6182	1582	1670	0.6182	0.1582	0.167	27853.35219192505	2.785335219192505
bias	1	0.01	500	546.9990367889404	1.093998073577881	379	0.758	10000	6182	4966	6216	0.6182	0.4966	0.6216	6937.36686706543	0.693736686706543
bias	2	0.01	500	431.49284052848816	0.8629856810569764	421	0.842	10000	6182	5366	6975	0.6182	0.5366	0.6975	4695.718801498413	0.4695718801498413
bias	3	0.01	500	382.1250476837158	0.7642500953674316	449	0.898	10000	6182	5503	7147	0.6182	0.5503	0.7147	4068.279438972473	0.4068279438972473
bias	4	0.01	500	353.42090225219727	0.7068418045043945	460	0.92	10000	6182	5553	7220	0.6182	0.5553	0.722	3838.62748670578	0.383862748670578
bias	5	0.01	500	346.1751329898834	0.6923502659797669	459	0.918	10000	6182	5590	7262	0.6182	0.559	0.7262	3726.2414922714233	0.3726241492271423
bias	6	0.01	500	337.1380081176758	0.6742760162353516	474	0.948	10000	6182	5615	7303	0.6182	0.5615	0.7303	3619.642062187195	0.3619642062187195
bias	7	0.01	500	327.37102818489075	0.6547420563697814	469	0.938	10000	6182	5623	7298	0.6182	0.5623	0.7298	3577.586738586426	0.3577586738586426
bias	8	0.01	500	318.56200194358826	0.6371240038871765	477	0.954	10000	6182	5633	7327	0.6182	0.5633	0.7327	3548.765619277954	0.35487656192779543
bias	9	0.01	500	324.02333879470825	0.6480466775894165	474	0.948	10000	6182	5662	7333	0.6182	0.5662	0.7333	3499.7816257476807	0.34997816257476805
bias	10	0.01	500	314.73862051963806	0.6294772410392762	478	0.956	10000	6182	5649	7349	0.6182	0.5649	0.7349	3484.7110295295715	0.34847110295295713
bias	11	0.01	500	311.03042101860046	0.6220608420372009	484	0.968	10000	6182	5652	7352	0.6182	0.5652	0.7352	3453.1382145881653	0.3453138214588165
bias	12	0.01	500	308.87597942352295	0.6177519588470459	482	0.964	10000	6182	5666	7384	0.6182	0.5666	0.7384	3405.841405391693	0.3405841405391693
bias	13	0.01	500	309.80442118644714	0.6196088423728943	477	0.954	10000	6182	5661	7371	0.6182	0.5661	0.7371	3412.8494238853455	0.3412849423885346
bias	14	0.01	500	305.75490975379944	0.6115098195075989	475	0.95	10000	6182	5674	7386	0.6182	0.5674	0.7386	3381.384344100952	0.3381384344100952
bias	15	0.01	500	308.8285450935364	0.6176570901870727	476	0.952	10000	6182	5692	7414	0.6182	0.5692	0.7414	3329.721836566925	0.3329721836566925
bias	16	0.01	500	305.8306906223297	0.6116613812446594	479	0.958	10000	6182	5682	7416	0.6182	0.5682	0.7416	3323.9560837745667	0.3323956083774567
bias	17	0.01	500	307.49164032936096	0.6149832806587219	475	0.95	10000	6182	5693	7434	0.6182	0.5693	0.7434	3267.5891313552856	0.3267589131355286
bias	18	0.01	500	300.5896348953247	0.6011792697906494	477	0.954	10000	6182	5707	7464	0.6182	0.5707	0.7464	3244.6571474075317	0.3244657147407532
bias	19	0.01	500	306.541220664978	0.613082441329956	482	0.964	10000	6182	5700	7480	0.6182	0.57	0.748	3229.596703529358	0.32295967035293577
bias	20	0.01	500	302.58349871635437	0.6051669974327087	482	0.964	10000	6182	5706	7452	0.6182	0.5706	0.7452	3221.812744140625	0.3221812744140625
bias	21	0.01	500	297.82043170928955	0.5956408634185791	482	0.964	10000	6182	5716	7485	0.6182	0.5716	0.7485	3196.972279548645	0.3196972279548645
bias	22	0.01	500	299.4243428707123	0.5988486857414246	477	0.954	10000	6182	5716	7469	0.6182	0.5716	0.7469	3192.113616466522	0.3192113616466522
bias	23	0.01	500	297.5244393348694	0.5950488786697388	484	0.968	10000	6182	5729	7474	0.6182	0.5729	0.7474	3199.964077949524	0.3199964077949524
bias	24	0.01	500	295.62052297592163	0.5912410459518432	475	0.95	10000	6182	5726	7489	0.6182	0.5726	0.7489	3154.920913696289	0.3154920913696289
bias	25	0.01	500	296.32480454444885	0.5926496090888977	484	0.968	10000	6182	5723	7500	0.6182	0.5723	0.75	3161.222846508026	0.3161222846508026
bias	26	0.01	500	298.5181896686554	0.5970363793373108	475	0.95	10000	6182	5707	7488	0.6182	0.5707	0.7488	3185.2478518486023	0.3185247851848602
bias	27	0.01	500	297.04731011390686	0.5940946202278137	477	0.954	10000	6182	5732	7516	0.6182	0.5732	0.7516	3147.3141989707947	0.3147314198970795
bias	28	0.01	500	298.9691700935364	0.5979383401870727	476	0.952	10000	6182	5723	7507	0.6182	0.5723	0.7507	3131.023274421692	0.3131023274421692
bias	29	0.01	500	297.7916622161865	0.595583324432373	482	0.964	10000	6182	5734	7526	0.6182	0.5734	0.7526	3087.842707157135	0.3087842707157135
bias	30	0.01	500	296.48750042915344	0.5929750008583069	481	0.962	10000	6182	5722	7526	0.6182	0.5722	0.7526	3076.5285034179688	0.3076528503417969
bias	31	0.01	500	295.5534656047821	0.5911069312095643	483	0.966	10000	6182	5733	7524	0.6182	0.5733	0.7524	3089.812994480133	0.3089812994480133
bias	32	0.01	500	297.2420997619629	0.5944841995239257	480	0.96	10000	6182	5730	7505	0.6182	0.573	0.7505	3113.4385843276978	0.3113438584327698
bias	33	0.01	500	295.9277808666229	0.5918555617332458	483	0.966	10000	6182	5735	7524	0.6182	0.5735	0.7524	3080.586708545685	0.3080586708545685
bias	34	0.01	500	296.4806344509125	0.592961268901825	481	0.962	10000	6182	5726	7534	0.6182	0.5726	0.7534	3074.953773021698	0.3074953773021698
bias	35	0.01	500	293.4787766933441	0.5869575533866882	482	0.964	10000	6182	5726	7538	0.6182	0.5726	0.7538	3061.637064933777	0.3061637064933777
bias	36	0.01	500	293.6247777938843	0.5872495555877686	480	0.96	10000	6182	5735	7536	0.6182	0.5735	0.7536	3067.618486404419	0.30676184864044187
bias	37	0.01	500	296.93451714515686	0.5938690342903137	476	0.952	10000	6182	5740	7550	0.6182	0.574	0.755	3051.8378381729126	0.3051837838172913
bias	38	0.01	500	292.88777589797974	0.5857755517959595	484	0.968	10000	6182	5752	7554	0.6182	0.5752	0.7554	3056.500015258789	0.3056500015258789
bias	39	0.01	500	295.31156945228577	0.5906231389045715	479	0.958	10000	6182	5748	7564	0.6182	0.5748	0.7564	3027.571012020111	0.3027571012020111
bias	40	0.01	500	294.71592950820923	0.5894318590164185	483	0.966	10000	6182	5750	7559	0.6182	0.575	0.7559	3016.274218082428	0.3016274218082428
bias	41	0.01	500	295.5993559360504	0.5911987118721008	481	0.962	10000	6182	5747	7581	0.6182	0.5747	0.7581	2994.42302274704	0.299442302274704
bias	42	0.01	500	293.6147429943085	0.5872294859886169	474	0.948	10000	6182	5749	7581	0.6182	0.5749	0.7581	2986.3452382087708	0.2986345238208771
bias	43	0.01	500	298.54621982574463	0.5970924396514893	478	0.956	10000	6182	5765	7597	0.6182	0.5765	0.7597	2961.06444644928	0.29610644464492797
bias	44	0.01	500	291.37595796585083	0.5827519159317016	492	0.984	10000	6182	5757	7590	0.6182	0.5757	0.759	2958.3796820640564	0.2958379682064056
bias	45	0.01	500	296.4574830532074	0.5929149661064148	483	0.966	10000	6182	5766	7570	0.6182	0.5766	0.757	2969.481110572815	0.29694811105728147
bias	46	0.01	500	293.12830805778503	0.5862566161155701	474	0.948	10000	6182	5771	7596	0.6182	0.5771	0.7596	2948.301422595978	0.2948301422595978
bias	47	0.01	500	293.7085635662079	0.5874171271324158	475	0.95	10000	6182	5762	7590	0.6182	0.5762	0.759	2977.31058549881	0.29773105854988097
bias	48	0.01	500	292.7400027513504	0.5854800055027009	485	0.97	10000	6182	5755	7578	0.6182	0.5755	0.7578	2945.748658180237	0.29457486581802367
bias	49	0.01	500	294.5790512561798	0.5891581025123597	479	0.958	10000	6182	5764	7620	0.6182	0.5764	0.762	2904.847851753235	0.2904847851753235
bias	50	0.01	500	292.8043215274811	0.5856086430549622	480	0.96	10000	6182	5762	7593	0.6182	0.5762	0.7593	2931.59406375885	0.293159406375885
bias	51	0.01	500	295.48634481430054	0.5909726896286011	475	0.95	10000	6182	5769	7606	0.6182	0.5769	0.7606	2932.039225578308	0.2932039225578308
bias	52	0.01	500	292.8322744369507	0.5856645488739014	483	0.966	10000	6182	5752	7590	0.6182	0.5752	0.759	2937.3726601600647	0.29373726601600647
bias	53	0.01	500	292.5416581630707	0.5850833163261414	485	0.97	10000	6182	5764	7605	0.6182	0.5764	0.7605	2929.519455909729	0.2929519455909729
bias	54	0.01	500	293.19143056869507	0.5863828611373901	479	0.958	10000	6182	5771	7604	0.6182	0.5771	0.7604	2912.291290283203	0.2912291290283203
bias	55	0.01	500	290.9952493906021	0.5819904987812042	487	0.974	10000	6182	5765	7592	0.6182	0.5765	0.7592	2938.1766748428345	0.29381766748428345
bias	56	0.01	500	291.74080419540405	0.5834816083908081	483	0.966	10000	6182	5772	7621	0.6182	0.5772	0.7621	2921.136089324951	0.2921136089324951
bias	57	0.01	500	293.8585510253906	0.5877171020507812	477	0.954	10000	6182	5763	7630	0.6182	0.5763	0.763	2899.103539466858	0.2899103539466858
bias	58	0.01	500	290.0329716205597	0.5800659432411194	483	0.966	10000	6182	5772	7624	0.6182	0.5772	0.7624	2890.071366786957	0.28900713667869565
bias	59	0.01	500	293.81110405921936	0.5876222081184387	472	0.944	10000	6182	5764	7627	0.6182	0.5764	0.7627	2916.266179561615	0.2916266179561615
bias	60	0.01	500	292.07159209251404	0.5841431841850281	487	0.974	10000	6182	5789	7621	0.6182	0.5789	0.7621	2898.221402645111	0.2898221402645111
bias	61	0.001	500	290.31945836544037	0.5806389167308807	483	0.966	10000	6182	5783	7625	0.6182	0.5783	0.7625	2898.653519630432	0.2898653519630432
bias	62	0.001	500	291.10819351673126	0.5822163870334626	475	0.95	10000	6182	5781	7649	0.6182	0.5781	0.7649	2884.191656589508	0.2884191656589508
bias	63	0.001	500	289.64502930641174	0.5792900586128235	487	0.974	10000	6182	5778	7624	0.6182	0.5778	0.7624	2916.3418498039246	0.29163418498039245
bias	64	0.001	500	292.95738673210144	0.5859147734642028	483	0.966	10000	6182	5774	7624	0.6182	0.5774	0.7624	2890.582577228546	0.2890582577228546
bias	65	0.001	500	292.40067625045776	0.5848013525009155	475	0.95	10000	6182	5781	7645	0.6182	0.5781	0.7645	2875.8855180740356	0.28758855180740356
bias	66	0.001	500	290.4044017791748	0.5808088035583496	478	0.956	10000	6182	5776	7646	0.6182	0.5776	0.7646	2890.8286151885986	0.28908286151885987
bias	67	0.001	500	292.50189995765686	0.5850037999153137	481	0.962	10000	6182	5786	7642	0.6182	0.5786	0.7642	2890.457040786743	0.2890457040786743
bias	68	0.001	500	289.37352895736694	0.5787470579147339	483	0.966	10000	6182	5788	7654	0.6182	0.5788	0.7654	2866.013279914856	0.2866013279914856
bias	69	0.001	500	290.3406467437744	0.5806812934875488	478	0.956	10000	6182	5795	7648	0.6182	0.5795	0.7648	2882.0394620895386	0.28820394620895384
bias	70	0.001	500	290.7202818393707	0.5814405636787414	476	0.952	10000	6182	5783	7642	0.6182	0.5783	0.7642	2880.490138053894	0.2880490138053894
bias	71	0.001	500	290.96043968200684	0.5819208793640137	481	0.962	10000	6182	5778	7639	0.6182	0.5778	0.7639	2882.732024669647	0.2882732024669647
bias	72	0.001	500	291.2721121311188	0.5825442242622375	480	0.96	10000	6182	5798	7640	0.6182	0.5798	0.764	2867.4255533218384	0.28674255533218385
bias	73	0.001	500	290.5917011499405	0.581183402299881	477	0.954	10000	6182	5782	7612	0.6182	0.5782	0.7612	2892.608281135559	0.2892608281135559
bias	74	0.001	500	288.4257833957672	0.5768515667915344	484	0.968	10000	6182	5781	7639	0.6182	0.5781	0.7639	2878.5835037231445	0.28785835037231444
bias	75	0.001	500	288.5504846572876	0.5771009693145752	484	0.968	10000	6182	5789	7639	0.6182	0.5789	0.7639	2881.7632417678833	0.28817632417678835
bias	76	0.001	500	292.6030056476593	0.5852060112953186	476	0.952	10000	6182	5780	7642	0.6182	0.578	0.7642	2879.274838447571	0.2879274838447571
bias	77	0.001	500	289.4203112125397	0.5788406224250794	486	0.972	10000	6182	5781	7645	0.6182	0.5781	0.7645	2865.88592338562	0.286588592338562
bias	78	0.001	500	288.7957376241684	0.5775914752483368	483	0.966	10000	6182	5775	7651	0.6182	0.5775	0.7651	2870.2631855010986	0.28702631855010985
bias	79	0.001	500	288.0902922153473	0.5761805844306945	483	0.966	10000	6182	5782	7625	0.6182	0.5782	0.7625	2897.508533000946	0.2897508533000946
bias	80	0.001	500	290.5085687637329	0.5810171375274659	480	0.96	10000	6182	5783	7629	0.6182	0.5783	0.7629	2883.7630405426025	0.28837630405426024
bias	81	0.001	500	293.1610152721405	0.586322030544281	474	0.948	10000	6182	5779	7659	0.6182	0.5779	0.7659	2885.4904961586	0.28854904961586
bias	82	0.001	500	290.04683470726013	0.5800936694145202	481	0.962	10000	6182	5776	7649	0.6182	0.5776	0.7649	2883.8751487731934	0.28838751487731934
bias	83	0.001	500	289.47607827186584	0.5789521565437317	481	0.962	10000	6182	5775	7623	0.6182	0.5775	0.7623	2892.7780084609985	0.28927780084609983
bias	84	0.001	500	291.29360699653625	0.5825872139930726	483	0.966	10000	6182	5779	7628	0.6182	0.5779	0.7628	2873.5478477478027	0.28735478477478027
bias	85	0.001	500	289.0834472179413	0.5781668944358825	485	0.97	10000	6182	5779	7632	0.6182	0.5779	0.7632	2867.596441268921	0.2867596441268921
bias	86	0.001	500	288.0810503959656	0.5761621007919312	487	0.974	10000	6182	5787	7645	0.6182	0.5787	0.7645	2875.0548725128174	0.2875054872512817
bias	87	0.001	500	288.7487759590149	0.5774975519180298	482	0.964	10000	6182	5788	7644	0.6182	0.5788	0.7644	2867.117690563202	0.2867117690563202
bias	88	0.001	500	288.37111473083496	0.57674222946167	485	0.97	10000	6182	5774	7657	0.6182	0.5774	0.7657	2854.0703630447388	0.2854070363044739
bias	89	0.001	500	290.38506531715393	0.5807701306343078	485	0.97	10000	6182	5776	7647	0.6182	0.5776	0.7647	2860.860969543457	0.2860860969543457
bias	90	0.001	500	289.5385105609894	0.5790770211219788	480	0.96	10000	6182	5778	7639	0.6182	0.5778	0.7639	2863.873505592346	0.28638735055923464
bias	91	0.001	500	292.23173213005066	0.5844634642601013	483	0.966	10000	6182	5785	7655	0.6182	0.5785	0.7655	2864.7194118499756	0.2864719411849976
bias	92	0.001	500	291.65554666519165	0.5833110933303833	488	0.976	10000	6182	5785	7642	0.6182	0.5785	0.7642	2874.2516136169434	0.2874251613616943
bias	93	0.001	500	290.69770860671997	0.5813954172134399	484	0.968	10000	6182	5793	7643	0.6182	0.5793	0.7643	2864.1673097610474	0.28641673097610476
bias	94	0.001	500	289.74775528907776	0.5794955105781555	483	0.966	10000	6182	5791	7637	0.6182	0.5791	0.7637	2866.5680837631226	0.28665680837631224
bias	95	0.001	500	290.4383964538574	0.5808767929077149	485	0.97	10000	6182	5794	7638	0.6182	0.5794	0.7638	2866.578553676605	0.28665785536766053
bias	96	0.001	500	290.4384138584137	0.5808768277168274	487	0.974	10000	6182	5790	7629	0.6182	0.579	0.7629	2858.002882003784	0.2858002882003784
bias	97	0.001	500	288.940691947937	0.5778813838958741	481	0.962	10000	6182	5795	7644	0.6182	0.5795	0.7644	2867.4233779907227	0.28674233779907227
bias	98	0.001	500	291.75175976753235	0.5835035195350647	484	0.968	10000	6182	5782	7644	0.6182	0.5782	0.7644	2864.123019218445	0.28641230192184447
bias	99	0.001	500	289.9242160320282	0.5798484320640565	488	0.976	10000	6182	5772	7628	0.6182	0.5772	0.7628	2880.175298690796	0.2880175298690796
bias	100	0.001	500	287.26141571998596	0.574522831439972	482	0.964	10000	6182	5771	7636	0.6182	0.5771	0.7636	2881.2915630340576	0.28812915630340574
running_mean	1	0.01	500	355.7598075866699	0.7115196151733398	442	0.884	10000	6182	3615	4100	0.6182	0.3615	0.41	15663.314151763916	1.5663314151763916
running_mean	2	0.01	500	324.39257526397705	0.648785150527954	455	0.91	10000	6182	5767	7667	0.6182	0.5767	0.7667	2681.2241830825806	0.26812241830825806
running_mean	3	0.01	500	313.0673317909241	0.6261346635818481	470	0.94	10000	6182	5980	8420	0.6182	0.598	0.842	1272.7432260513306	0.12727432260513305
running_mean	4	0.01	500	306.3744034767151	0.6127488069534301	473	0.946	10000	6182	6052	8563	0.6182	0.6052	0.8563	1084.0683450698853	0.10840683450698853
running_mean	5	0.01	500	303.5775282382965	0.6071550564765931	464	0.928	10000	6182	6063	8576	0.6182	0.6063	0.8576	1055.4345109462738	0.10554345109462739
running_mean	6	0.01	500	298.5927972793579	0.5971855945587158	484	0.968	10000	6182	6074	8596	0.6182	0.6074	0.8596	1028.6588164567947	0.10286588164567947
running_mean	7	0.01	500	299.542587518692	0.599085175037384	474	0.948	10000	6182	6066	8588	0.6182	0.6066	0.8588	1034.2479004859924	0.10342479004859924
running_mean	8	0.01	500	296.16738963127136	0.5923347792625427	482	0.964	10000	6182	6070	8584	0.6182	0.607	0.8584	1036.2566804885864	0.10362566804885864
running_mean	9	0.01	500	302.66827511787415	0.6053365502357483	476	0.952	10000	6182	6064	8607	0.6182	0.6064	0.8607	1012.9034451246262	0.10129034451246262
running_mean	10	0.01	500	295.5286304950714	0.5910572609901428	481	0.962	10000	6182	6071	8599	0.6182	0.6071	0.8599	1000.3347640037537	0.10003347640037537
running_mean	11	0.01	500	292.66858434677124	0.5853371686935425	480	0.96	10000	6182	6069	8635	0.6182	0.6069	0.8635	960.0321831703186	0.09600321831703186
running_mean	12	0.01	500	291.9482316970825	0.583896463394165	485	0.97	10000	6182	6066	8673	0.6182	0.6066	0.8673	948.2555116415024	0.09482555116415024
running_mean	13	0.01	500	295.3418776988983	0.5906837553977966	476	0.952	10000	6182	6066	8640	0.6182	0.6066	0.864	974.9940984249115	0.09749940984249116
running_mean	14	0.01	500	292.2038758993149	0.5844077517986298	476	0.952	10000	6182	6068	8641	0.6182	0.6068	0.8641	965.0122706890106	0.09650122706890106
running_mean	15	0.01	500	295.84283447265625	0.5916856689453125	472	0.944	10000	6182	6065	8650	0.6182	0.6065	0.865	961.1154091358185	0.09611154091358184
running_mean	16	0.01	500	292.1845746040344	0.5843691492080688	477	0.954	10000	6182	6071	8650	0.6182	0.6071	0.865	943.9857883453369	0.09439857883453369
running_mean	17	0.01	500	295.1890425682068	0.5903780851364135	479	0.958	10000	6182	6078	8670	0.6182	0.6078	0.867	912.9584575891495	0.09129584575891495
running_mean	18	0.01	500	288.7688694000244	0.5775377388000489	479	0.958	10000	6182	6072	8698	0.6182	0.6072	0.8698	892.2194827795029	0.08922194827795028
running_mean	19	0.01	500	294.8550388813019	0.5897100777626038	484	0.968	10000	6182	6081	8711	0.6182	0.6081	0.8711	882.290501832962	0.0882290501832962
running_mean	20	0.01	500	292.762268781662	0.585524537563324	482	0.964	10000	6182	6083	8698	0.6182	0.6083	0.8698	900.7777744531631	0.09007777744531631
running_mean	21	0.01	500	289.2315502166748	0.5784631004333496	480	0.96	10000	6182	6083	8713	0.6182	0.6083	0.8713	872.8211835622787	0.08728211835622787
running_mean	22	0.01	500	290.5220892429352	0.5810441784858703	476	0.952	10000	6182	6073	8708	0.6182	0.6073	0.8708	889.0654217004776	0.08890654217004776
running_mean	23	0.01	500	288.79489755630493	0.5775897951126099	487	0.974	10000	6182	6073	8708	0.6182	0.6073	0.8708	886.1582306623459	0.08861582306623458
running_mean	24	0.01	500	288.3165717124939	0.5766331434249878	479	0.958	10000	6182	6080	8738	0.6182	0.608	0.8738	858.9107761383057	0.08589107761383057
running_mean	25	0.01	500	287.35551619529724	0.5747110323905945	486	0.972	10000	6182	6077	8712	0.6182	0.6077	0.8712	885.57985496521	0.088557985496521
running_mean	26	0.01	500	291.2917935848236	0.5825835871696472	470	0.94	10000	6182	6078	8693	0.6182	0.6078	0.8693	896.4492537975311	0.08964492537975312
running_mean	27	0.01	500	290.7576355934143	0.5815152711868287	477	0.954	10000	6182	6085	8732	0.6182	0.6085	0.8732	855.5454065799713	0.08555454065799713
running_mean	28	0.01	500	291.85290575027466	0.5837058115005493	477	0.954	10000	6182	6090	8737	0.6182	0.609	0.8737	848.2139312028885	0.08482139312028884
running_mean	29	0.01	500	290.31431889533997	0.58062863779068	481	0.962	10000	6182	6081	8750	0.6182	0.6081	0.875	842.0013763904572	0.08420013763904571
running_mean	30	0.01	500	289.59750628471375	0.5791950125694275	486	0.972	10000	6182	6090	8753	0.6182	0.609	0.8753	845.7519495487213	0.08457519495487213
running_mean	31	0.01	500	289.17342257499695	0.5783468451499939	479	0.958	10000	6182	6090	8743	0.6182	0.609	0.8743	843.396143078804	0.0843396143078804
running_mean	32	0.01	500	290.8852753639221	0.5817705507278442	477	0.954	10000	6182	6088	8727	0.6182	0.6088	0.8727	854.3846604824066	0.08543846604824067
running_mean	33	0.01	500	288.39005851745605	0.576780117034912	482	0.964	10000	6182	6095	8771	0.6182	0.6095	0.8771	827.557695388794	0.08275576953887939
running_mean	34	0.01	500	290.2259039878845	0.580451807975769	480	0.96	10000	6182	6088	8781	0.6182	0.6088	0.8781	831.4456059932709	0.0831445605993271
running_mean	35	0.01	500	288.42023730278015	0.5768404746055603	478	0.956	10000	6182	6090	8786	0.6182	0.609	0.8786	824.1037225723267	0.08241037225723266
running_mean	36	0.01	500	287.6120517253876	0.5752241034507751	477	0.954	10000	6182	6093	8760	0.6182	0.6093	0.876	826.6715190410614	0.08266715190410615
running_mean	37	0.01	500	291.59415662288666	0.5831883132457734	481	0.962	10000	6182	6088	8769	0.6182	0.6088	0.8769	826.9763402938843	0.08269763402938843
running_mean	38	0.01	500	287.9043047428131	0.5758086094856262	484	0.968	10000	6182	6094	8770	0.6182	0.6094	0.877	826.5203731060028	0.08265203731060028
running_mean	39	0.01	500	289.66823267936707	0.5793364653587342	477	0.954	10000	6182	6081	8751	0.6182	0.6081	0.8751	814.8083927631378	0.08148083927631378
running_mean	40	0.01	500	288.64945244789124	0.5772989048957825	481	0.962	10000	6182	6091	8767	0.6182	0.6091	0.8767	821.0807971954346	0.08210807971954345
running_mean	41	0.01	500	290.67275762557983	0.5813455152511596	477	0.954	10000	6182	6086	8786	0.6182	0.6086	0.8786	808.3178560733795	0.08083178560733795
running_mean	42	0.01	500	287.87399911880493	0.5757479982376099	480	0.96	10000	6182	6093	8780	0.6182	0.6093	0.878	794.4586639404297	0.07944586639404297
running_mean	43	0.01	500	292.407457113266	0.584814914226532	470	0.94	10000	6182	6087	8770	0.6182	0.6087	0.877	800.9041576385498	0.08009041576385498
running_mean	44	0.01	500	286.6063094139099	0.5732126188278198	488	0.976	10000	6182	6096	8788	0.6182	0.6096	0.8788	786.5258152484894	0.07865258152484894
running_mean	45	0.01	500	290.57192301750183	0.5811438460350037	483	0.966	10000	6182	6100	8788	0.6182	0.61	0.8788	789.0774493217468	0.07890774493217469
running_mean	46	0.01	500	286.78904032707214	0.5735780806541443	473	0.946	10000	6182	6096	8793	0.6182	0.6096	0.8793	784.7319139242172	0.07847319139242172
running_mean	47	0.01	500	288.3407061100006	0.5766814122200012	476	0.952	10000	6182	6102	8783	0.6182	0.6102	0.8783	798.5847482681274	0.07985847482681274
running_mean	48	0.01	500	287.45857632160187	0.5749171526432038	486	0.972	10000	6182	6107	8815	0.6182	0.6107	0.8815	780.2763329744339	0.07802763329744339
running_mean	49	0.01	500	289.9240689277649	0.5798481378555298	468	0.936	10000	6182	6096	8818	0.6182	0.6096	0.8818	766.0229451656342	0.07660229451656342
running_mean	50	0.01	500	286.26133942604065	0.5725226788520813	480	0.96	10000	6182	6082	8781	0.6182	0.6082	0.8781	784.6651270389557	0.07846651270389557
running_mean	51	0.01	500	290.94348526000977	0.5818869705200196	474	0.948	10000	6182	6098	8785	0.6182	0.6098	0.8785	793.5463539361954	0.07935463539361953
running_mean	52	0.01	500	286.8977417945862	0.5737954835891723	479	0.958	10000	6182	6102	8815	0.6182	0.6102	0.8815	770.2535318136215	0.07702535318136215
running_mean	53	0.01	500	288.88583850860596	0.5777716770172119	482	0.964	10000	6182	6103	8798	0.6182	0.6103	0.8798	778.8182556629181	0.0778818255662918
running_mean	54	0.01	500	288.8727433681488	0.5777454867362976	475	0.95	10000	6182	6102	8817	0.6182	0.6102	0.8817	756.7468407154083	0.07567468407154083
running_mean	55	0.01	500	286.55863070487976	0.5731172614097595	483	0.966	10000	6182	6113	8812	0.6182	0.6113	0.8812	780.2261207103729	0.07802261207103729
running_mean	56	0.01	500	286.485716342926	0.572971432685852	480	0.96	10000	6182	6091	8807	0.6182	0.6091	0.8807	762.0809180736542	0.07620809180736542
running_mean	57	0.01	500	289.2268702983856	0.5784537405967712	481	0.962	10000	6182	6114	8810	0.6182	0.6114	0.881	753.4822565317154	0.07534822565317154
running_mean	58	0.01	500	285.3453824520111	0.5706907649040223	477	0.954	10000	6182	6100	8825	0.6182	0.61	0.8825	740.8787198066711	0.07408787198066712
running_mean	59	0.01	500	289.73602294921875	0.5794720458984375	474	0.948	10000	6182	6112	8798	0.6182	0.6112	0.8798	778.7917414903641	0.0778791741490364
running_mean	60	0.01	500	287.6289074420929	0.5752578148841858	484	0.968	10000	6182	6101	8798	0.6182	0.6101	0.8798	775.1962516307831	0.07751962516307831
running_mean	61	0.001	500	286.88887429237366	0.5737777485847473	485	0.97	10000	6182	6103	8806	0.6182	0.6103	0.8806	770.3671352863312	0.07703671352863312
running_mean	62	0.001	500	287.73822116851807	0.5754764423370361	478	0.956	10000	6182	6111	8794	0.6182	0.6111	0.8794	765.0101063847542	0.07650101063847542
running_mean	63	0.001	500	285.27724719047546	0.570554494380951	482	0.964	10000	6182	6108	8775	0.6182	0.6108	0.8775	781.7890272140503	0.07817890272140503
running_mean	64	0.001	500	288.4125077724457	0.5768250155448914	482	0.964	10000	6182	6098	8798	0.6182	0.6098	0.8798	768.3306885957718	0.07683306885957718
running_mean	65	0.001	500	287.9544770717621	0.5759089541435242	481	0.962	10000	6182	6109	8802	0.6182	0.6109	0.8802	765.6774473190308	0.07656774473190307
running_mean	66	0.001	500	286.0081903934479	0.5720163807868958	476	0.952	10000	6182	6097	8774	0.6182	0.6097	0.8774	769.7494013309479	0.07697494013309479
running_mean	67	0.001	500	288.42796778678894	0.5768559355735778	481	0.962	10000	6182	6099	8785	0.6182	0.6099	0.8785	767.5596972703934	0.07675596972703934
running_mean	68	0.001	500	286.8567678928375	0.5737135357856751	486	0.972	10000	6182	6095	8797	0.6182	0.6095	0.8797	762.9571356773376	0.07629571356773376
running_mean	69	0.001	500	286.6049792766571	0.5732099585533142	476	0.952	10000	6182	6102	8824	0.6182	0.6102	0.8824	748.232446372509	0.0748232446372509
running_mean	70	0.001	500	286.61846232414246	0.5732369246482849	479	0.958	10000	6182	6099	8803	0.6182	0.6099	0.8803	754.175538778305	0.0754175538778305
running_mean	71	0.001	500	287.2400999069214	0.5744801998138428	480	0.96	10000	6182	6108	8788	0.6182	0.6108	0.8788	767.3643679618835	0.07673643679618836
running_mean	72	0.001	500	286.8249409198761	0.5736498818397522	480	0.96	10000	6182	6104	8806	0.6182	0.6104	0.8806	754.3282561302185	0.07543282561302185
running_mean	73	0.001	500	285.7647634744644	0.5715295269489288	482	0.964	10000	6182	6103	8809	0.6182	0.6103	0.8809	766.1926773786545	0.07661926773786545
running_mean	74	0.001	500	284.78671646118164	0.5695734329223633	488	0.976	10000	6182	6101	8802	0.6182	0.6101	0.8802	759.2030462026596	0.07592030462026596
running_mean	75	0.001	500	284.4676082134247	0.5689352164268494	486	0.972	10000	6182	6115	8799	0.6182	0.6115	0.8799	757.5531344413757	0.07575531344413758
running_mean	76	0.001	500	289.51709270477295	0.5790341854095459	475	0.95	10000	6182	6108	8813	0.6182	0.6108	0.8813	756.1437558531761	0.07561437558531761
running_mean	77	0.001	500	284.80083441734314	0.5696016688346863	487	0.974	10000	6182	6112	8843	0.6182	0.6112	0.8843	737.567489027977	0.0737567489027977
running_mean	78	0.001	500	284.6235098838806	0.5692470197677613	483	0.966	10000	6182	6105	8821	0.6182	0.6105	0.8821	752.6080423593521	0.07526080423593522
running_mean	79	0.001	500	284.5139870643616	0.5690279741287232	481	0.962	10000	6182	6097	8797	0.6182	0.6097	0.8797	771.3675403594971	0.0771367540359497
running_mean	80	0.001	500	286.16934609413147	0.5723386921882629	483	0.966	10000	6182	6107	8806	0.6182	0.6107	0.8806	765.8638311624527	0.07658638311624527
running_mean	81	0.001	500	288.7229404449463	0.5774458808898926	477	0.954	10000	6182	6104	8814	0.6182	0.6104	0.8814	745.967015504837	0.0745967015504837
running_mean	82	0.001	500	286.2075390815735	0.572415078163147	480	0.96	10000	6182	6107	8817	0.6182	0.6107	0.8817	742.9601197242737	0.07429601197242737
running_mean	83	0.001	500	285.4408836364746	0.5708817672729493	481	0.962	10000	6182	6098	8820	0.6182	0.6098	0.882	766.4204034805298	0.07664204034805298
running_mean	84	0.001	500	287.5751996040344	0.5751503992080689	480	0.96	10000	6182	6110	8793	0.6182	0.611	0.8793	758.7551510334015	0.07587551510334015
running_mean	85	0.001	500	284.6215708255768	0.5692431416511535	483	0.966	10000	6182	6117	8800	0.6182	0.6117	0.88	755.0395444631577	0.07550395444631576
running_mean	86	0.001	500	283.18048429489136	0.5663609685897827	484	0.968	10000	6182	6114	8811	0.6182	0.6114	0.8811	759.5648889541626	0.07595648889541626
running_mean	87	0.001	500	284.4305679798126	0.5688611359596253	483	0.966	10000	6182	6097	8817	0.6182	0.6097	0.8817	754.6430722475052	0.07546430722475052
running_mean	88	0.001	500	283.9474198818207	0.5678948397636414	480	0.96	10000	6182	6092	8835	0.6182	0.6092	0.8835	737.9624065160751	0.07379624065160752
running_mean	89	0.001	500	286.4914197921753	0.5729828395843506	486	0.972	10000	6182	6109	8829	0.6182	0.6109	0.8829	740.7386412620544	0.07407386412620544
running_mean	90	0.001	500	286.258761882782	0.572517523765564	483	0.966	10000	6182	6098	8829	0.6182	0.6098	0.8829	748.4086027741432	0.07484086027741432
running_mean	91	0.001	500	288.59411573410034	0.5771882314682006	480	0.96	10000	6182	6113	8824	0.6182	0.6113	0.8824	748.6051331162453	0.07486051331162452
running_mean	92	0.001	500	288.48048520088196	0.5769609704017639	481	0.962	10000	6182	6114	8820	0.6182	0.6114	0.882	750.5612128973007	0.07505612128973008
running_mean	93	0.001	500	286.88196206092834	0.5737639241218567	486	0.972	10000	6182	6112	8828	0.6182	0.6112	0.8828	752.2457328438759	0.07522457328438759
running_mean	94	0.001	500	286.17413806915283	0.5723482761383056	481	0.962	10000	6182	6103	8807	0.6182	0.6103	0.8807	759.2329152822495	0.07592329152822494
running_mean	95	0.001	500	288.07553720474243	0.5761510744094849	482	0.964	10000	6182	6113	8810	0.6182	0.6113	0.881	760.1177757978439	0.07601177757978439
running_mean	96	0.001	500	287.38314390182495	0.5747662878036499	482	0.964	10000	6182	6105	8839	0.6182	0.6105	0.8839	740.8460056781769	0.07408460056781768
running_mean	97	0.001	500	285.61364698410034	0.5712272939682007	485	0.97	10000	6182	6113	8841	0.6182	0.6113	0.8841	735.8716020584106	0.07358716020584107
running_mean	98	0.001	500	285.7866837978363	0.5715733675956726	482	0.964	10000	6182	6106	8831	0.6182	0.6106	0.8831	748.1966359615326	0.07481966359615326
running_mean	99	0.001	500	285.06063652038574	0.5701212730407715	490	0.98	10000	6182	6107	8783	0.6182	0.6107	0.8783	773.5424721240997	0.07735424721240998
running_mean	100	0.001	500	284.2271161079407	0.5684542322158813	482	0.964	10000	6182	6107	8802	0.6182	0.6107	0.8802	766.4883337020874	0.07664883337020874
running_var	1	0.01	500	355.7598075866699	0.7115196151733398	442	0.884	10000	6182	4345	5011	0.6182	0.4345	0.5011	13350.97431755066	1.335097431755066
running_var	2	0.01	500	324.39257526397705	0.648785150527954	455	0.91	10000	6182	5715	7423	0.6182	0.5715	0.7423	3287.920666694641	0.3287920666694641
running_var	3	0.01	500	313.0673317909241	0.6261346635818481	470	0.94	10000	6182	5963	8172	0.6182	0.5963	0.8172	1688.362494468689	0.1688362494468689
running_var	4	0.01	500	306.3744034767151	0.6127488069534301	473	0.946	10000	6182	6027	8448	0.6182	0.6027	0.8448	1256.7994130849838	0.12567994130849838
running_var	5	0.01	500	303.5775282382965	0.6071550564765931	464	0.928	10000	6182	6053	8522	0.6182	0.6053	0.8522	1134.3239450454712	0.11343239450454712
running_var	6	0.01	500	298.5927972793579	0.5971855945587158	484	0.968	10000	6182	6059	8577	0.6182	0.6059	0.8577	1061.1939129829407	0.10611939129829406
running_var	7	0.01	500	299.542587518692	0.599085175037384	474	0.948	10000	6182	6058	8572	0.6182	0.6058	0.8572	1048.3232414722443	0.10483232414722443
running_var	8	0.01	500	296.16738963127136	0.5923347792625427	482	0.964	10000	6182	6062	8579	0.6182	0.6062	0.8579	1041.8719511032104	0.10418719511032104
running_var	9	0.01	500	302.66827511787415	0.6053365502357483	476	0.952	10000	6182	6066	8603	0.6182	0.6066	0.8603	1015.0633451938629	0.10150633451938629
running_var	10	0.01	500	295.5286304950714	0.5910572609901428	481	0.962	10000	6182	6071	8598	0.6182	0.6071	0.8598	1001.155860543251	0.1001155860543251
running_var	11	0.01	500	292.66858434677124	0.5853371686935425	480	0.96	10000	6182	6069	8636	0.6182	0.6069	0.8636	960.4093663692474	0.09604093663692474
running_var	12	0.01	500	291.9482316970825	0.583896463394165	485	0.97	10000	6182	6066	8673	0.6182	0.6066	0.8673	948.4120432138443	0.09484120432138443
running_var	13	0.01	500	295.3418776988983	0.5906837553977966	476	0.952	10000	6182	6066	8640	0.6182	0.6066	0.864	975.0551092624664	0.09750551092624664
running_var	14	0.01	500	292.2038758993149	0.5844077517986298	476	0.952	10000	6182	6068	8641	0.6182	0.6068	0.8641	965.0390515327454	0.09650390515327453
running_var	15	0.01	500	295.84283447265625	0.5916856689453125	472	0.944	10000	6182	6065	8650	0.6182	0.6065	0.865	961.1266958713531	0.09611266958713531
running_var	16	0.01	500	292.1845746040344	0.5843691492080688	477	0.954	10000	6182	6071	8650	0.6182	0.6071	0.865	943.991278886795	0.0943991278886795
running_var	17	0.01	500	295.1890425682068	0.5903780851364135	479	0.958	10000	6182	6078	8670	0.6182	0.6078	0.867	912.9605939388275	0.09129605939388274
running_var	18	0.01	500	288.7688694000244	0.5775377388000489	479	0.958	10000	6182	6072	8698	0.6182	0.6072	0.8698	892.2200798988342	0.08922200798988342
running_var	19	0.01	500	294.8550388813019	0.5897100777626038	484	0.968	10000	6182	6081	8711	0.6182	0.6081	0.8711	882.2908418178558	0.08822908418178559
running_var	20	0.01	500	292.762268781662	0.585524537563324	482	0.964	10000	6182	6083	8698	0.6182	0.6083	0.8698	900.7780326604843	0.09007780326604843
running_var	21	0.01	500	289.2315502166748	0.5784631004333496	480	0.96	10000	6182	6083	8713	0.6182	0.6083	0.8713	872.821316242218	0.0872821316242218
running_var	22	0.01	500	290.5220892429352	0.5810441784858703	476	0.952	10000	6182	6073	8708	0.6182	0.6073	0.8708	889.0654699802399	0.08890654699802399
running_var	23	0.01	500	288.79489755630493	0.5775897951126099	487	0.974	10000	6182	6073	8708	0.6182	0.6073	0.8708	886.1582098007202	0.08861582098007202
running_var	24	0.01	500	288.3165717124939	0.5766331434249878	479	0.958	10000	6182	6080	8738	0.6182	0.608	0.8738	858.9106813669205	0.08589106813669205
running_var	25	0.01	500	287.35551619529724	0.5747110323905945	486	0.972	10000	6182	6077	8712	0.6182	0.6077	0.8712	885.5798811912537	0.08855798811912537
running_var	26	0.01	500	291.2917935848236	0.5825835871696472	470	0.94	10000	6182	6078	8693	0.6182	0.6078	0.8693	896.4491882324219	0.08964491882324219
running_var	27	0.01	500	290.7576355934143	0.5815152711868287	477	0.954	10000	6182	6085	8732	0.6182	0.6085	0.8732	855.5453722476959	0.08555453722476959
running_var	28	0.01	500	291.85290575027466	0.5837058115005493	477	0.954	10000	6182	6090	8737	0.6182	0.609	0.8737	848.213903427124	0.0848213903427124
running_var	29	0.01	500	290.31431889533997	0.58062863779068	481	0.962	10000	6182	6081	8750	0.6182	0.6081	0.875	842.0013951063156	0.08420013951063156
running_var	30	0.01	500	289.59750628471375	0.5791950125694275	486	0.972	10000	6182	6090	8753	0.6182	0.609	0.8753	845.7519289255142	0.08457519289255143
running_var	31	0.01	500	289.17342257499695	0.5783468451499939	479	0.958	10000	6182	6090	8743	0.6182	0.609	0.8743	843.3961488008499	0.084339614880085
running_var	32	0.01	500	290.8852753639221	0.5817705507278442	477	0.954	10000	6182	6088	8727	0.6182	0.6088	0.8727	854.3846614360809	0.08543846614360809
running_var	33	0.01	500	288.39005851745605	0.576780117034912	482	0.964	10000	6182	6095	8771	0.6182	0.6095	0.8771	827.557695388794	0.08275576953887939
running_var	34	0.01	500	290.2259039878845	0.580451807975769	480	0.96	10000	6182	6088	8781	0.6182	0.6088	0.8781	831.4456059932709	0.0831445605993271
running_var	35	0.01	500	288.42023730278015	0.5768404746055603	478	0.956	10000	6182	6090	8786	0.6182	0.609	0.8786	824.1037225723267	0.08241037225723266
running_var	36	0.01	500	287.6120517253876	0.5752241034507751	477	0.954	10000	6182	6093	8760	0.6182	0.6093	0.876	826.6715190410614	0.08266715190410615
running_var	37	0.01	500	291.59415662288666	0.5831883132457734	481	0.962	10000	6182	6088	8769	0.6182	0.6088	0.8769	826.9763402938843	0.08269763402938843
running_var	38	0.01	500	287.9043047428131	0.5758086094856262	484	0.968	10000	6182	6094	8770	0.6182	0.6094	0.877	826.5203731060028	0.08265203731060028
running_var	39	0.01	500	289.66823267936707	0.5793364653587342	477	0.954	10000	6182	6081	8751	0.6182	0.6081	0.8751	814.8083927631378	0.08148083927631378
running_var	40	0.01	500	288.64945244789124	0.5772989048957825	481	0.962	10000	6182	6091	8767	0.6182	0.6091	0.8767	821.0807971954346	0.08210807971954345
running_var	41	0.01	500	290.67275762557983	0.5813455152511596	477	0.954	10000	6182	6086	8786	0.6182	0.6086	0.8786	808.3178560733795	0.08083178560733795
running_var	42	0.01	500	287.87399911880493	0.5757479982376099	480	0.96	10000	6182	6093	8780	0.6182	0.6093	0.878	794.4586639404297	0.07944586639404297
running_var	43	0.01	500	292.407457113266	0.584814914226532	470	0.94	10000	6182	6087	8770	0.6182	0.6087	0.877	800.9041576385498	0.08009041576385498
running_var	44	0.01	500	286.6063094139099	0.5732126188278198	488	0.976	10000	6182	6096	8788	0.6182	0.6096	0.8788	786.5258152484894	0.07865258152484894
running_var	45	0.01	500	290.57192301750183	0.5811438460350037	483	0.966	10000	6182	6100	8788	0.6182	0.61	0.8788	789.0774493217468	0.07890774493217469
running_var	46	0.01	500	286.78904032707214	0.5735780806541443	473	0.946	10000	6182	6096	8793	0.6182	0.6096	0.8793	784.7319139242172	0.07847319139242172
running_var	47	0.01	500	288.3407061100006	0.5766814122200012	476	0.952	10000	6182	6102	8783	0.6182	0.6102	0.8783	798.5847482681274	0.07985847482681274
running_var	48	0.01	500	287.45857632160187	0.5749171526432038	486	0.972	10000	6182	6107	8815	0.6182	0.6107	0.8815	780.2763329744339	0.07802763329744339
running_var	49	0.01	500	289.9240689277649	0.5798481378555298	468	0.936	10000	6182	6096	8818	0.6182	0.6096	0.8818	766.0229451656342	0.07660229451656342
running_var	50	0.01	500	286.26133942604065	0.5725226788520813	480	0.96	10000	6182	6082	8781	0.6182	0.6082	0.8781	784.6651270389557	0.07846651270389557
running_var	51	0.01	500	290.94348526000977	0.5818869705200196	474	0.948	10000	6182	6098	8785	0.6182	0.6098	0.8785	793.5463539361954	0.07935463539361953
running_var	52	0.01	500	286.8977417945862	0.5737954835891723	479	0.958	10000	6182	6102	8815	0.6182	0.6102	0.8815	770.2535318136215	0.07702535318136215
running_var	53	0.01	500	288.88583850860596	0.5777716770172119	482	0.964	10000	6182	6103	8798	0.6182	0.6103	0.8798	778.8182556629181	0.0778818255662918
running_var	54	0.01	500	288.8727433681488	0.5777454867362976	475	0.95	10000	6182	6102	8817	0.6182	0.6102	0.8817	756.7468407154083	0.07567468407154083
running_var	55	0.01	500	286.55863070487976	0.5731172614097595	483	0.966	10000	6182	6113	8812	0.6182	0.6113	0.8812	780.2261207103729	0.07802261207103729
running_var	56	0.01	500	286.485716342926	0.572971432685852	480	0.96	10000	6182	6091	8807	0.6182	0.6091	0.8807	762.0809180736542	0.07620809180736542
running_var	57	0.01	500	289.2268702983856	0.5784537405967712	481	0.962	10000	6182	6114	8810	0.6182	0.6114	0.881	753.4822565317154	0.07534822565317154
running_var	58	0.01	500	285.3453824520111	0.5706907649040223	477	0.954	10000	6182	6100	8825	0.6182	0.61	0.8825	740.8787198066711	0.07408787198066712
running_var	59	0.01	500	289.73602294921875	0.5794720458984375	474	0.948	10000	6182	6112	8798	0.6182	0.6112	0.8798	778.7917414903641	0.0778791741490364
running_var	60	0.01	500	287.6289074420929	0.5752578148841858	484	0.968	10000	6182	6101	8798	0.6182	0.6101	0.8798	775.1962516307831	0.07751962516307831
running_var	61	0.001	500	286.88887429237366	0.5737777485847473	485	0.97	10000	6182	6103	8806	0.6182	0.6103	0.8806	770.3671352863312	0.07703671352863312
running_var	62	0.001	500	287.73822116851807	0.5754764423370361	478	0.956	10000	6182	6111	8794	0.6182	0.6111	0.8794	765.0101063847542	0.07650101063847542
running_var	63	0.001	500	285.27724719047546	0.570554494380951	482	0.964	10000	6182	6108	8775	0.6182	0.6108	0.8775	781.7890272140503	0.07817890272140503
running_var	64	0.001	500	288.4125077724457	0.5768250155448914	482	0.964	10000	6182	6098	8798	0.6182	0.6098	0.8798	768.3306885957718	0.07683306885957718
running_var	65	0.001	500	287.9544770717621	0.5759089541435242	481	0.962	10000	6182	6109	8802	0.6182	0.6109	0.8802	765.6774473190308	0.07656774473190307
running_var	66	0.001	500	286.0081903934479	0.5720163807868958	476	0.952	10000	6182	6097	8774	0.6182	0.6097	0.8774	769.7494013309479	0.07697494013309479
running_var	67	0.001	500	288.42796778678894	0.5768559355735778	481	0.962	10000	6182	6099	8785	0.6182	0.6099	0.8785	767.5596972703934	0.07675596972703934
running_var	68	0.001	500	286.8567678928375	0.5737135357856751	486	0.972	10000	6182	6095	8797	0.6182	0.6095	0.8797	762.9571356773376	0.07629571356773376
running_var	69	0.001	500	286.6049792766571	0.5732099585533142	476	0.952	10000	6182	6102	8824	0.6182	0.6102	0.8824	748.232446372509	0.0748232446372509
running_var	70	0.001	500	286.61846232414246	0.5732369246482849	479	0.958	10000	6182	6099	8803	0.6182	0.6099	0.8803	754.175538778305	0.0754175538778305
running_var	71	0.001	500	287.2400999069214	0.5744801998138428	480	0.96	10000	6182	6108	8788	0.6182	0.6108	0.8788	767.3643679618835	0.07673643679618836
running_var	72	0.001	500	286.8249409198761	0.5736498818397522	480	0.96	10000	6182	6104	8806	0.6182	0.6104	0.8806	754.3282561302185	0.07543282561302185
running_var	73	0.001	500	285.7647634744644	0.5715295269489288	482	0.964	10000	6182	6103	8809	0.6182	0.6103	0.8809	766.1926773786545	0.07661926773786545
running_var	74	0.001	500	284.78671646118164	0.5695734329223633	488	0.976	10000	6182	6101	8802	0.6182	0.6101	0.8802	759.2030462026596	0.07592030462026596
running_var	75	0.001	500	284.4676082134247	0.5689352164268494	486	0.972	10000	6182	6115	8799	0.6182	0.6115	0.8799	757.5531344413757	0.07575531344413758
running_var	76	0.001	500	289.51709270477295	0.5790341854095459	475	0.95	10000	6182	6108	8813	0.6182	0.6108	0.8813	756.1437558531761	0.07561437558531761
running_var	77	0.001	500	284.80083441734314	0.5696016688346863	487	0.974	10000	6182	6112	8843	0.6182	0.6112	0.8843	737.567489027977	0.0737567489027977
running_var	78	0.001	500	284.6235098838806	0.5692470197677613	483	0.966	10000	6182	6105	8821	0.6182	0.6105	0.8821	752.6080423593521	0.07526080423593522
running_var	79	0.001	500	284.5139870643616	0.5690279741287232	481	0.962	10000	6182	6097	8797	0.6182	0.6097	0.8797	771.3675403594971	0.0771367540359497
running_var	80	0.001	500	286.16934609413147	0.5723386921882629	483	0.966	10000	6182	6107	8806	0.6182	0.6107	0.8806	765.8638311624527	0.07658638311624527
running_var	81	0.001	500	288.7229404449463	0.5774458808898926	477	0.954	10000	6182	6104	8814	0.6182	0.6104	0.8814	745.967015504837	0.0745967015504837
running_var	82	0.001	500	286.2075390815735	0.572415078163147	480	0.96	10000	6182	6107	8817	0.6182	0.6107	0.8817	742.9601197242737	0.07429601197242737
running_var	83	0.001	500	285.4408836364746	0.5708817672729493	481	0.962	10000	6182	6098	8820	0.6182	0.6098	0.882	766.4204034805298	0.07664204034805298
running_var	84	0.001	500	287.5751996040344	0.5751503992080689	480	0.96	10000	6182	6110	8793	0.6182	0.611	0.8793	758.7551510334015	0.07587551510334015
running_var	85	0.001	500	284.6215708255768	0.5692431416511535	483	0.966	10000	6182	6117	8800	0.6182	0.6117	0.88	755.0395444631577	0.07550395444631576
running_var	86	0.001	500	283.18048429489136	0.5663609685897827	484	0.968	10000	6182	6114	8811	0.6182	0.6114	0.8811	759.5648889541626	0.07595648889541626
running_var	87	0.001	500	284.4305679798126	0.5688611359596253	483	0.966	10000	6182	6097	8817	0.6182	0.6097	0.8817	754.6430722475052	0.07546430722475052
running_var	88	0.001	500	283.9474198818207	0.5678948397636414	480	0.96	10000	6182	6092	8835	0.6182	0.6092	0.8835	737.9624065160751	0.07379624065160752
running_var	89	0.001	500	286.4914197921753	0.5729828395843506	486	0.972	10000	6182	6109	8829	0.6182	0.6109	0.8829	740.7386412620544	0.07407386412620544
running_var	90	0.001	500	286.258761882782	0.572517523765564	483	0.966	10000	6182	6098	8829	0.6182	0.6098	0.8829	748.4086027741432	0.07484086027741432
running_var	91	0.001	500	288.59411573410034	0.5771882314682006	480	0.96	10000	6182	6113	8824	0.6182	0.6113	0.8824	748.6051331162453	0.07486051331162452
running_var	92	0.001	500	288.48048520088196	0.5769609704017639	481	0.962	10000	6182	6114	8820	0.6182	0.6114	0.882	750.5612128973007	0.07505612128973008
running_var	93	0.001	500	286.88196206092834	0.5737639241218567	486	0.972	10000	6182	6112	8828	0.6182	0.6112	0.8828	752.2457328438759	0.07522457328438759
running_var	94	0.001	500	286.17413806915283	0.5723482761383056	481	0.962	10000	6182	6103	8807	0.6182	0.6103	0.8807	759.2329152822495	0.07592329152822494
running_var	95	0.001	500	288.07553720474243	0.5761510744094849	482	0.964	10000	6182	6113	8810	0.6182	0.6113	0.881	760.1177757978439	0.07601177757978439
running_var	96	0.001	500	287.38314390182495	0.5747662878036499	482	0.964	10000	6182	6105	8839	0.6182	0.6105	0.8839	740.8460056781769	0.07408460056781768
running_var	97	0.001	500	285.61364698410034	0.5712272939682007	485	0.97	10000	6182	6113	8841	0.6182	0.6113	0.8841	735.8716020584106	0.07358716020584107
running_var	98	0.001	500	285.7866837978363	0.5715733675956726	482	0.964	10000	6182	6106	8831	0.6182	0.6106	0.8831	748.1966359615326	0.07481966359615326
running_var	99	0.001	500	285.06063652038574	0.5701212730407715	490	0.98	10000	6182	6107	8783	0.6182	0.6107	0.8783	773.5424721240997	0.07735424721240998
running_var	100	0.001	500	284.2271161079407	0.5684542322158813	482	0.964	10000	6182	6107	8802	0.6182	0.6107	0.8802	766.4883337020874	0.07664883337020874
num_batches_tracked	1	0.01	500	355.7598075866699	0.7115196151733398	442	0.884	10000	6182	6127	9178	0.6182	0.6127	0.9178	339.72557681798935	0.03397255768179894
num_batches_tracked	2	0.01	500	324.39257526397705	0.648785150527954	455	0.91	10000	6182	6091	8857	0.6182	0.6091	0.8857	685.4910908937454	0.06854910908937455
num_batches_tracked	3	0.01	500	313.0673317909241	0.6261346635818481	470	0.94	10000	6182	6059	8690	0.6182	0.6059	0.869	904.9258062839508	0.09049258062839508
num_batches_tracked	4	0.01	500	306.3744034767151	0.6127488069534301	473	0.946	10000	6182	6061	8626	0.6182	0.6061	0.8626	996.7748367786407	0.09967748367786408
num_batches_tracked	5	0.01	500	303.5775282382965	0.6071550564765931	464	0.928	10000	6182	6066	8577	0.6182	0.6066	0.8577	1034.4001092910767	0.10344001092910766
num_batches_tracked	6	0.01	500	298.5927972793579	0.5971855945587158	484	0.968	10000	6182	6075	8604	0.6182	0.6075	0.8604	1019.5584143400192	0.10195584143400192
num_batches_tracked	7	0.01	500	299.542587518692	0.599085175037384	474	0.948	10000	6182	6063	8593	0.6182	0.6063	0.8593	1030.7054288387299	0.10307054288387299
num_batches_tracked	8	0.01	500	296.16738963127136	0.5923347792625427	482	0.964	10000	6182	6070	8581	0.6182	0.607	0.8581	1034.9178447723389	0.10349178447723388
num_batches_tracked	9	0.01	500	302.66827511787415	0.6053365502357483	476	0.952	10000	6182	6064	8607	0.6182	0.6064	0.8607	1012.1029295921326	0.10121029295921326
num_batches_tracked	10	0.01	500	295.5286304950714	0.5910572609901428	481	0.962	10000	6182	6070	8601	0.6182	0.607	0.8601	1000.0442826747894	0.10000442826747895
num_batches_tracked	11	0.01	500	292.66858434677124	0.5853371686935425	480	0.96	10000	6182	6069	8635	0.6182	0.6069	0.8635	959.913907289505	0.09599139072895051
num_batches_tracked	12	0.01	500	291.9482316970825	0.583896463394165	485	0.97	10000	6182	6066	8673	0.6182	0.6066	0.8673	948.2100125551224	0.09482100125551224
num_batches_tracked	13	0.01	500	295.3418776988983	0.5906837553977966	476	0.952	10000	6182	6066	8640	0.6182	0.6066	0.864	974.9729199409485	0.09749729199409485
num_batches_tracked	14	0.01	500	292.2038758993149	0.5844077517986298	476	0.952	10000	6182	6068	8641	0.6182	0.6068	0.8641	965.0043256282806	0.09650043256282806
num_batches_tracked	15	0.01	500	295.84283447265625	0.5916856689453125	472	0.944	10000	6182	6065	8650	0.6182	0.6065	0.865	961.1110618114471	0.09611110618114471
num_batches_tracked	16	0.01	500	292.1845746040344	0.5843691492080688	477	0.954	10000	6182	6071	8650	0.6182	0.6071	0.865	943.9841165542603	0.09439841165542602
num_batches_tracked	17	0.01	500	295.1890425682068	0.5903780851364135	479	0.958	10000	6182	6078	8670	0.6182	0.6078	0.867	912.9578239917755	0.09129578239917756
num_batches_tracked	18	0.01	500	288.7688694000244	0.5775377388000489	479	0.958	10000	6182	6072	8698	0.6182	0.6072	0.8698	892.2189521789551	0.0892218952178955
num_batches_tracked	19	0.01	500	294.8550388813019	0.5897100777626038	484	0.968	10000	6182	6081	8711	0.6182	0.6081	0.8711	882.2904636859894	0.08822904636859893
num_batches_tracked	20	0.01	500	292.762268781662	0.585524537563324	482	0.964	10000	6182	6083	8698	0.6182	0.6083	0.8698	900.7777464389801	0.090077774643898
num_batches_tracked	21	0.01	500	289.2315502166748	0.5784631004333496	480	0.96	10000	6182	6083	8713	0.6182	0.6083	0.8713	872.821173787117	0.08728211737871171
num_batches_tracked	22	0.01	500	290.5220892429352	0.5810441784858703	476	0.952	10000	6182	6073	8708	0.6182	0.6073	0.8708	889.0654382705688	0.08890654382705689
num_batches_tracked	23	0.01	500	288.79489755630493	0.5775897951126099	487	0.974	10000	6182	6073	8708	0.6182	0.6073	0.8708	886.1582390069962	0.08861582390069962
num_batches_tracked	24	0.01	500	288.3165717124939	0.5766331434249878	479	0.958	10000	6182	6080	8738	0.6182	0.608	0.8738	858.9108244180679	0.0858910824418068
num_batches_tracked	25	0.01	500	287.35551619529724	0.5747110323905945	486	0.972	10000	6182	6077	8712	0.6182	0.6077	0.8712	885.5798500776291	0.08855798500776291
num_batches_tracked	26	0.01	500	291.2917935848236	0.5825835871696472	470	0.94	10000	6182	6078	8693	0.6182	0.6078	0.8693	896.4492506980896	0.08964492506980896
num_batches_tracked	27	0.01	500	290.7576355934143	0.5815152711868287	477	0.954	10000	6182	6085	8732	0.6182	0.6085	0.8732	855.5454069375992	0.08555454069375992
num_batches_tracked	28	0.01	500	291.85290575027466	0.5837058115005493	477	0.954	10000	6182	6090	8737	0.6182	0.609	0.8737	848.2139418125153	0.08482139418125152
num_batches_tracked	29	0.01	500	290.31431889533997	0.58062863779068	481	0.962	10000	6182	6081	8750	0.6182	0.6081	0.875	842.0013916492462	0.08420013916492462
num_batches_tracked	30	0.01	500	289.59750628471375	0.5791950125694275	486	0.972	10000	6182	6090	8753	0.6182	0.609	0.8753	845.7519505023956	0.08457519505023957
num_batches_tracked	31	0.01	500	289.17342257499695	0.5783468451499939	479	0.958	10000	6182	6090	8743	0.6182	0.609	0.8743	843.396143078804	0.0843396143078804
num_batches_tracked	32	0.01	500	290.8852753639221	0.5817705507278442	477	0.954	10000	6182	6088	8727	0.6182	0.6088	0.8727	854.3846614360809	0.08543846614360809
num_batches_tracked	33	0.01	500	288.39005851745605	0.576780117034912	482	0.964	10000	6182	6095	8771	0.6182	0.6095	0.8771	827.557695388794	0.08275576953887939
num_batches_tracked	34	0.01	500	290.2259039878845	0.580451807975769	480	0.96	10000	6182	6088	8781	0.6182	0.6088	0.8781	831.4456059932709	0.0831445605993271
num_batches_tracked	35	0.01	500	288.42023730278015	0.5768404746055603	478	0.956	10000	6182	6090	8786	0.6182	0.609	0.8786	824.1037225723267	0.08241037225723266
num_batches_tracked	36	0.01	500	287.6120517253876	0.5752241034507751	477	0.954	10000	6182	6093	8760	0.6182	0.6093	0.876	826.6715190410614	0.08266715190410615
num_batches_tracked	37	0.01	500	291.59415662288666	0.5831883132457734	481	0.962	10000	6182	6088	8769	0.6182	0.6088	0.8769	826.9763402938843	0.08269763402938843
num_batches_tracked	38	0.01	500	287.9043047428131	0.5758086094856262	484	0.968	10000	6182	6094	8770	0.6182	0.6094	0.877	826.5203731060028	0.08265203731060028
num_batches_tracked	39	0.01	500	289.66823267936707	0.5793364653587342	477	0.954	10000	6182	6081	8751	0.6182	0.6081	0.8751	814.8083927631378	0.08148083927631378
num_batches_tracked	40	0.01	500	288.64945244789124	0.5772989048957825	481	0.962	10000	6182	6091	8767	0.6182	0.6091	0.8767	821.0807971954346	0.08210807971954345
num_batches_tracked	41	0.01	500	290.67275762557983	0.5813455152511596	477	0.954	10000	6182	6086	8786	0.6182	0.6086	0.8786	808.3178560733795	0.08083178560733795
num_batches_tracked	42	0.01	500	287.87399911880493	0.5757479982376099	480	0.96	10000	6182	6093	8780	0.6182	0.6093	0.878	794.4586639404297	0.07944586639404297
num_batches_tracked	43	0.01	500	292.407457113266	0.584814914226532	470	0.94	10000	6182	6087	8770	0.6182	0.6087	0.877	800.9041576385498	0.08009041576385498
num_batches_tracked	44	0.01	500	286.6063094139099	0.5732126188278198	488	0.976	10000	6182	6096	8788	0.6182	0.6096	0.8788	786.5258152484894	0.07865258152484894
num_batches_tracked	45	0.01	500	290.57192301750183	0.5811438460350037	483	0.966	10000	6182	6100	8788	0.6182	0.61	0.8788	789.0774493217468	0.07890774493217469
num_batches_tracked	46	0.01	500	286.78904032707214	0.5735780806541443	473	0.946	10000	6182	6096	8793	0.6182	0.6096	0.8793	784.7319139242172	0.07847319139242172
num_batches_tracked	47	0.01	500	288.3407061100006	0.5766814122200012	476	0.952	10000	6182	6102	8783	0.6182	0.6102	0.8783	798.5847482681274	0.07985847482681274
num_batches_tracked	48	0.01	500	287.45857632160187	0.5749171526432038	486	0.972	10000	6182	6107	8815	0.6182	0.6107	0.8815	780.2763329744339	0.07802763329744339
num_batches_tracked	49	0.01	500	289.9240689277649	0.5798481378555298	468	0.936	10000	6182	6096	8818	0.6182	0.6096	0.8818	766.0229451656342	0.07660229451656342
num_batches_tracked	50	0.01	500	286.26133942604065	0.5725226788520813	480	0.96	10000	6182	6082	8781	0.6182	0.6082	0.8781	784.6651270389557	0.07846651270389557
num_batches_tracked	51	0.01	500	290.94348526000977	0.5818869705200196	474	0.948	10000	6182	6098	8785	0.6182	0.6098	0.8785	793.5463539361954	0.07935463539361953
num_batches_tracked	52	0.01	500	286.8977417945862	0.5737954835891723	479	0.958	10000	6182	6102	8815	0.6182	0.6102	0.8815	770.2535318136215	0.07702535318136215
num_batches_tracked	53	0.01	500	288.88583850860596	0.5777716770172119	482	0.964	10000	6182	6103	8798	0.6182	0.6103	0.8798	778.8182556629181	0.0778818255662918
num_batches_tracked	54	0.01	500	288.8727433681488	0.5777454867362976	475	0.95	10000	6182	6102	8817	0.6182	0.6102	0.8817	756.7468407154083	0.07567468407154083
num_batches_tracked	55	0.01	500	286.55863070487976	0.5731172614097595	483	0.966	10000	6182	6113	8812	0.6182	0.6113	0.8812	780.2261207103729	0.07802261207103729
num_batches_tracked	56	0.01	500	286.485716342926	0.572971432685852	480	0.96	10000	6182	6091	8807	0.6182	0.6091	0.8807	762.0809180736542	0.07620809180736542
num_batches_tracked	57	0.01	500	289.2268702983856	0.5784537405967712	481	0.962	10000	6182	6114	8810	0.6182	0.6114	0.881	753.4822565317154	0.07534822565317154
num_batches_tracked	58	0.01	500	285.3453824520111	0.5706907649040223	477	0.954	10000	6182	6100	8825	0.6182	0.61	0.8825	740.8787198066711	0.07408787198066712
num_batches_tracked	59	0.01	500	289.73602294921875	0.5794720458984375	474	0.948	10000	6182	6112	8798	0.6182	0.6112	0.8798	778.7917414903641	0.0778791741490364
num_batches_tracked	60	0.01	500	287.6289074420929	0.5752578148841858	484	0.968	10000	6182	6101	8798	0.6182	0.6101	0.8798	775.1962516307831	0.07751962516307831
num_batches_tracked	61	0.001	500	286.88887429237366	0.5737777485847473	485	0.97	10000	6182	6103	8806	0.6182	0.6103	0.8806	770.3671352863312	0.07703671352863312
num_batches_tracked	62	0.001	500	287.73822116851807	0.5754764423370361	478	0.956	10000	6182	6111	8794	0.6182	0.6111	0.8794	765.0101063847542	0.07650101063847542
num_batches_tracked	63	0.001	500	285.27724719047546	0.570554494380951	482	0.964	10000	6182	6108	8775	0.6182	0.6108	0.8775	781.7890272140503	0.07817890272140503
num_batches_tracked	64	0.001	500	288.4125077724457	0.5768250155448914	482	0.964	10000	6182	6098	8798	0.6182	0.6098	0.8798	768.3306885957718	0.07683306885957718
num_batches_tracked	65	0.001	500	287.9544770717621	0.5759089541435242	481	0.962	10000	6182	6109	8802	0.6182	0.6109	0.8802	765.6774473190308	0.07656774473190307
num_batches_tracked	66	0.001	500	286.0081903934479	0.5720163807868958	476	0.952	10000	6182	6097	8774	0.6182	0.6097	0.8774	769.7494013309479	0.07697494013309479
num_batches_tracked	67	0.001	500	288.42796778678894	0.5768559355735778	481	0.962	10000	6182	6099	8785	0.6182	0.6099	0.8785	767.5596972703934	0.07675596972703934
num_batches_tracked	68	0.001	500	286.8567678928375	0.5737135357856751	486	0.972	10000	6182	6095	8797	0.6182	0.6095	0.8797	762.9571356773376	0.07629571356773376
num_batches_tracked	69	0.001	500	286.6049792766571	0.5732099585533142	476	0.952	10000	6182	6102	8824	0.6182	0.6102	0.8824	748.232446372509	0.0748232446372509
num_batches_tracked	70	0.001	500	286.61846232414246	0.5732369246482849	479	0.958	10000	6182	6099	8803	0.6182	0.6099	0.8803	754.175538778305	0.0754175538778305
num_batches_tracked	71	0.001	500	287.2400999069214	0.5744801998138428	480	0.96	10000	6182	6108	8788	0.6182	0.6108	0.8788	767.3643679618835	0.07673643679618836
num_batches_tracked	72	0.001	500	286.8249409198761	0.5736498818397522	480	0.96	10000	6182	6104	8806	0.6182	0.6104	0.8806	754.3282561302185	0.07543282561302185
num_batches_tracked	73	0.001	500	285.7647634744644	0.5715295269489288	482	0.964	10000	6182	6103	8809	0.6182	0.6103	0.8809	766.1926773786545	0.07661926773786545
num_batches_tracked	74	0.001	500	284.78671646118164	0.5695734329223633	488	0.976	10000	6182	6101	8802	0.6182	0.6101	0.8802	759.2030462026596	0.07592030462026596
num_batches_tracked	75	0.001	500	284.4676082134247	0.5689352164268494	486	0.972	10000	6182	6115	8799	0.6182	0.6115	0.8799	757.5531344413757	0.07575531344413758
num_batches_tracked	76	0.001	500	289.51709270477295	0.5790341854095459	475	0.95	10000	6182	6108	8813	0.6182	0.6108	0.8813	756.1437558531761	0.07561437558531761
num_batches_tracked	77	0.001	500	284.80083441734314	0.5696016688346863	487	0.974	10000	6182	6112	8843	0.6182	0.6112	0.8843	737.567489027977	0.0737567489027977
num_batches_tracked	78	0.001	500	284.6235098838806	0.5692470197677613	483	0.966	10000	6182	6105	8821	0.6182	0.6105	0.8821	752.6080423593521	0.07526080423593522
num_batches_tracked	79	0.001	500	284.5139870643616	0.5690279741287232	481	0.962	10000	6182	6097	8797	0.6182	0.6097	0.8797	771.3675403594971	0.0771367540359497
num_batches_tracked	80	0.001	500	286.16934609413147	0.5723386921882629	483	0.966	10000	6182	6107	8806	0.6182	0.6107	0.8806	765.8638311624527	0.07658638311624527
num_batches_tracked	81	0.001	500	288.7229404449463	0.5774458808898926	477	0.954	10000	6182	6104	8814	0.6182	0.6104	0.8814	745.967015504837	0.0745967015504837
num_batches_tracked	82	0.001	500	286.2075390815735	0.572415078163147	480	0.96	10000	6182	6107	8817	0.6182	0.6107	0.8817	742.9601197242737	0.07429601197242737
num_batches_tracked	83	0.001	500	285.4408836364746	0.5708817672729493	481	0.962	10000	6182	6098	8820	0.6182	0.6098	0.882	766.4204034805298	0.07664204034805298
num_batches_tracked	84	0.001	500	287.5751996040344	0.5751503992080689	480	0.96	10000	6182	6110	8793	0.6182	0.611	0.8793	758.7551510334015	0.07587551510334015
num_batches_tracked	85	0.001	500	284.6215708255768	0.5692431416511535	483	0.966	10000	6182	6117	8800	0.6182	0.6117	0.88	755.0395444631577	0.07550395444631576
num_batches_tracked	86	0.001	500	283.18048429489136	0.5663609685897827	484	0.968	10000	6182	6114	8811	0.6182	0.6114	0.8811	759.5648889541626	0.07595648889541626
num_batches_tracked	87	0.001	500	284.4305679798126	0.5688611359596253	483	0.966	10000	6182	6097	8817	0.6182	0.6097	0.8817	754.6430722475052	0.07546430722475052
num_batches_tracked	88	0.001	500	283.9474198818207	0.5678948397636414	480	0.96	10000	6182	6092	8835	0.6182	0.6092	0.8835	737.9624065160751	0.07379624065160752
num_batches_tracked	89	0.001	500	286.4914197921753	0.5729828395843506	486	0.972	10000	6182	6109	8829	0.6182	0.6109	0.8829	740.7386412620544	0.07407386412620544
num_batches_tracked	90	0.001	500	286.258761882782	0.572517523765564	483	0.966	10000	6182	6098	8829	0.6182	0.6098	0.8829	748.4086027741432	0.07484086027741432
num_batches_tracked	91	0.001	500	288.59411573410034	0.5771882314682006	480	0.96	10000	6182	6113	8824	0.6182	0.6113	0.8824	748.6051331162453	0.07486051331162452
num_batches_tracked	92	0.001	500	288.48048520088196	0.5769609704017639	481	0.962	10000	6182	6114	8820	0.6182	0.6114	0.882	750.5612128973007	0.07505612128973008
num_batches_tracked	93	0.001	500	286.88196206092834	0.5737639241218567	486	0.972	10000	6182	6112	8828	0.6182	0.6112	0.8828	752.2457328438759	0.07522457328438759
num_batches_tracked	94	0.001	500	286.17413806915283	0.5723482761383056	481	0.962	10000	6182	6103	8807	0.6182	0.6103	0.8807	759.2329152822495	0.07592329152822494
num_batches_tracked	95	0.001	500	288.07553720474243	0.5761510744094849	482	0.964	10000	6182	6113	8810	0.6182	0.6113	0.881	760.1177757978439	0.07601177757978439
num_batches_tracked	96	0.001	500	287.38314390182495	0.5747662878036499	482	0.964	10000	6182	6105	8839	0.6182	0.6105	0.8839	740.8460056781769	0.07408460056781768
num_batches_tracked	97	0.001	500	285.61364698410034	0.5712272939682007	485	0.97	10000	6182	6113	8841	0.6182	0.6113	0.8841	735.8716020584106	0.07358716020584107
num_batches_tracked	98	0.001	500	285.7866837978363	0.5715733675956726	482	0.964	10000	6182	6106	8831	0.6182	0.6106	0.8831	748.1966359615326	0.07481966359615326
num_batches_tracked	99	0.001	500	285.06063652038574	0.5701212730407715	490	0.98	10000	6182	6107	8783	0.6182	0.6107	0.8783	773.5424721240997	0.07735424721240998
num_batches_tracked	100	0.001	500	284.2271161079407	0.5684542322158813	482	0.964	10000	6182	6107	8802	0.6182	0.6107	0.8802	766.4883337020874	0.07664883337020874
