case	k	epoch	learning_rate	query_count	query_loss_sum	query_loss	query_match_count	query_match	validation_count	validation_loss	validation_kl	validation_match_count	validation_match	is_best
top_0	0	1	0.01	400	1845.8144836425781	4.614536209106445	5	0.0125	100	4.64503288269043	4.16277099609375	1	0.01	True
top_0	0	2	0.01	400	1804.2707977294922	4.51067699432373	12	0.03	100	4.607040882110596	4.124779052734375	3	0.03	True
top_0	0	3	0.01	400	1762.756233215332	4.40689058303833	35	0.0875	100	4.575881481170654	4.093619689941407	2	0.02	True
top_0	0	4	0.01	400	1725.7015762329102	4.314253940582275	64	0.16	100	4.546586990356445	4.064325256347656	2	0.02	True
top_0	0	5	0.01	400	1688.1111679077148	4.220277919769287	90	0.225	100	4.522063255310059	4.0398016357421875	3	0.03	True
top_0	0	6	0.01	400	1646.9326705932617	4.117331676483154	109	0.2725	100	4.495878219604492	4.013616333007812	3	0.03	True
top_0	0	7	0.01	400	1609.73486328125	4.024337158203125	121	0.3025	100	4.47806453704834	3.995802917480469	3	0.03	True
top_0	0	8	0.01	400	1572.3199424743652	3.930799856185913	141	0.3525	100	4.450181007385254	3.9679193115234375	4	0.04	True
top_0	0	9	0.01	400	1534.9911193847656	3.837477798461914	141	0.3525	100	4.4260478019714355	3.9437860107421874	5	0.05	True
top_0	0	10	0.01	400	1494.8408088684082	3.7371020221710207	161	0.4025	100	4.399574279785156	3.9173129272460936	7	0.07	True
top_0	0	11	0.01	400	1459.4788436889648	3.6486971092224123	177	0.4425	100	4.367815017700195	3.885552978515625	6	0.06	True
top_0	0	12	0.01	400	1423.1554145812988	3.557888536453247	175	0.4375	100	4.350876808166504	3.8686151123046875	9	0.09	True
top_0	0	13	0.01	400	1383.9890441894531	3.459972610473633	187	0.4675	100	4.321029186248779	3.83876708984375	11	0.11	True
top_0	0	14	0.01	400	1352.8692932128906	3.3821732330322267	198	0.495	100	4.28806734085083	3.8058056640625	12	0.12	True
top_0	0	15	0.01	400	1319.305923461914	3.298264808654785	204	0.51	100	4.2620015144348145	3.7797393798828125	12	0.12	True
top_0	0	16	0.01	400	1281.5879135131836	3.203969783782959	217	0.5425	100	4.243438720703125	3.7611767578125	13	0.13	True
top_0	0	17	0.01	400	1250.5526390075684	3.126381597518921	227	0.5675	100	4.212182521820068	3.7299212646484374	14	0.14	True
top_0	0	18	0.01	400	1215.0038757324219	3.0375096893310545	227	0.5675	100	4.176512241363525	3.6942507934570314	15	0.15	True
top_0	0	19	0.01	400	1181.6696968078613	2.9541742420196533	243	0.6075	100	4.149716377258301	3.667454833984375	16	0.16	True
top_0	0	20	0.01	400	1148.6878471374512	2.871719617843628	252	0.63	100	4.128860950469971	3.6465994262695314	16	0.16	True
top_0	0	21	0.01	400	1120.7006378173828	2.801751594543457	257	0.6425	100	4.090631484985352	3.6083697509765624	17	0.17	True
top_0	0	22	0.01	400	1088.3554229736328	2.720888557434082	262	0.655	100	4.067232608795166	3.584970703125	18	0.18	True
top_0	0	23	0.01	400	1061.5478172302246	2.6538695430755617	274	0.685	100	4.040956974029541	3.5586953735351563	18	0.18	True
top_0	0	24	0.01	400	1030.7776489257812	2.576944122314453	276	0.69	100	4.010012626647949	3.527751159667969	19	0.19	True
top_0	0	25	0.01	400	1001.9364700317383	2.5048411750793456	277	0.6925	100	3.9837772846221924	3.5015155029296876	19	0.19	True
top_0	0	26	0.01	400	977.2989730834961	2.4432474327087403	289	0.7225	100	3.9540679454803467	3.4718063354492186	20	0.2	True
top_0	0	27	0.01	400	954.904354095459	2.3872608852386477	293	0.7325	100	3.930220365524292	3.447958984375	20	0.2	True
top_0	0	28	0.01	400	921.9268341064453	2.304817085266113	305	0.7625	100	3.902036666870117	3.419775085449219	21	0.21	True
top_0	0	29	0.01	400	896.1686668395996	2.240421667098999	296	0.74	100	3.8758769035339355	3.39361572265625	21	0.21	True
top_0	0	30	0.01	400	872.025520324707	2.1800638008117676	307	0.7675	100	3.8453190326690674	3.3630575561523437	21	0.21	True
top_0	0	31	0.01	400	850.8566932678223	2.1271417331695557	312	0.78	100	3.82128643989563	3.3390252685546873	20	0.2	True
top_0	0	32	0.01	400	830.0295524597168	2.075073881149292	319	0.7975	100	3.789393424987793	3.3071319580078127	21	0.21	True
top_0	0	33	0.01	400	807.5744857788086	2.0189362144470215	316	0.79	100	3.759908437728882	3.277646789550781	22	0.22	True
top_0	0	34	0.01	400	781.8535537719727	1.9546338844299316	318	0.795	100	3.733485698699951	3.2512240600585938	22	0.22	True
top_0	0	35	0.01	400	769.8092193603516	1.9245230484008788	322	0.805	100	3.7011351585388184	3.218873291015625	23	0.23	True
top_0	0	36	0.01	400	740.4648742675781	1.8511621856689453	328	0.82	100	3.6768128871917725	3.1945513916015624	23	0.23	True
top_0	0	37	0.01	400	718.6636810302734	1.7966592025756836	327	0.8175	100	3.659327507019043	3.1770660400390627	23	0.23	True
top_0	0	38	0.01	400	701.183895111084	1.75295973777771	332	0.83	100	3.6340651512145996	3.1518035888671876	22	0.22	True
top_0	0	39	0.01	400	682.8356323242188	1.7070890808105468	331	0.8275	100	3.611345052719116	3.129083557128906	23	0.23	True
top_0	0	40	0.01	400	664.8690223693848	1.662172555923462	342	0.855	100	3.5830748081207275	3.10081298828125	23	0.23	True
top_0	0	41	0.01	400	647.3817138671875	1.6184542846679688	345	0.8625	100	3.5626895427703857	3.0804278564453127	24	0.24	True
top_0	0	42	0.01	400	637.1553916931152	1.592888479232788	342	0.855	100	3.5432913303375244	3.0610296630859377	23	0.23	True
top_0	0	43	0.01	400	617.8774681091309	1.5446936702728271	347	0.8675	100	3.522141456604004	3.0398797607421875	25	0.25	True
top_0	0	44	0.01	400	603.4956645965576	1.508739161491394	349	0.8725	100	3.489323139190674	3.007061767578125	24	0.24	True
top_0	0	45	0.01	400	592.6757431030273	1.4816893577575683	350	0.875	100	3.474146842956543	2.9918853759765627	23	0.23	True
top_0	0	46	0.01	400	572.1516761779785	1.4303791904449463	354	0.885	100	3.4678335189819336	2.9855718994140625	24	0.24	True
top_0	0	47	0.01	400	558.0311431884766	1.3950778579711913	352	0.88	100	3.4430840015411377	2.9608221435546875	27	0.27	True
top_0	0	48	0.01	400	553.2108726501465	1.3830271816253663	358	0.895	100	3.4097118377685547	2.9274502563476563	25	0.25	True
top_0	0	49	0.01	400	536.2977523803711	1.3407443809509276	360	0.9	100	3.395894765853882	2.9136328125	27	0.27	True
top_0	0	50	0.01	400	522.7626399993896	1.3069065999984741	359	0.8975	100	3.3678996562957764	2.8856381225585936	27	0.27	True
top_0	0	51	0.01	400	515.9827613830566	1.2899569034576417	361	0.9025	100	3.364152669906616	2.881890869140625	25	0.25	True
top_0	0	52	0.01	400	505.7872772216797	1.2644681930541992	361	0.9025	100	3.3538432121276855	2.871581726074219	27	0.27	True
top_0	0	53	0.01	400	499.5550289154053	1.248887572288513	369	0.9225	100	3.3261935710906982	2.843931884765625	27	0.27	True
top_0	0	54	0.01	400	488.52063751220703	1.2213015937805176	362	0.905	100	3.312573194503784	2.830311584472656	28	0.28	True
top_0	0	55	0.01	400	474.40111923217773	1.1860027980804444	366	0.915	100	3.2966203689575195	2.8143585205078123	29	0.29	True
top_0	0	56	0.01	400	464.2402591705322	1.1606006479263307	362	0.905	100	3.291719913482666	2.8094580078125	28	0.28	True
top_0	0	57	0.01	400	457.8378086090088	1.144594521522522	369	0.9225	100	3.280670642852783	2.7984088134765623	30	0.3	True
top_0	0	58	0.01	400	451.3521671295166	1.1283804178237915	370	0.925	100	3.2653074264526367	2.7830462646484375	29	0.29	True
top_0	0	59	0.01	400	445.07108879089355	1.112677721977234	365	0.9125	100	3.223935842514038	2.7416741943359373	29	0.29	True
top_0	0	60	0.01	400	433.8773612976074	1.0846934032440185	368	0.92	100	3.215146064758301	2.732884521484375	29	0.29	True
top_0	0	61	0.001	400	429.80936431884766	1.074523410797119	374	0.935	100	3.2111358642578125	2.7288742065429688	28	0.28	True
top_0	0	62	0.001	400	429.8278274536133	1.0745695686340333	374	0.935	100	3.20831561088562	2.7260540771484374	30	0.3	True
top_0	0	63	0.001	400	426.17355728149414	1.0654338932037353	369	0.9225	100	3.2107455730438232	2.72848388671875	30	0.3	False
top_0	0	64	0.001	400	429.1470832824707	1.0728677082061768	375	0.9375	100	3.201889991760254	2.7196282958984375	29	0.29	True
top_0	0	65	0.001	400	424.0575523376465	1.0601438808441161	369	0.9225	100	3.2099010944366455	2.72763916015625	29	0.29	False
top_0	0	66	0.001	400	427.84403228759766	1.069610080718994	373	0.9325	100	3.217177391052246	2.734915771484375	29	0.29	False
top_0	0	67	0.001	400	429.4072504043579	1.0735181260108948	374	0.935	100	3.218555212020874	2.7362939453125	29	0.29	False
top_0	0	68	0.001	400	422.7579040527344	1.056894760131836	370	0.925	100	3.212315797805786	2.7300543212890624	29	0.29	False
top_0	0	69	0.001	400	424.9062690734863	1.0622656726837159	371	0.9275	100	3.2088639736175537	2.7266021728515626	29	0.29	False
top_0	0	70	0.001	400	422.3808822631836	1.0559522056579589	366	0.915	100	3.2048375606536865	2.722575988769531	28	0.28	False
top_0	0	71	0.001	400	418.29580307006836	1.045739507675171	371	0.9275	100	3.203718900680542	2.72145751953125	28	0.28	False
top_0	0	72	0.001	400	416.1861972808838	1.0404654932022095	371	0.9275	100	3.209235191345215	2.726973571777344	28	0.28	False
top_0	0	73	0.001	400	420.18276596069336	1.0504569149017333	375	0.9375	100	3.2099971771240234	2.7277352905273435	28	0.28	False
top_0	0	74	0.001	400	425.0030975341797	1.0625077438354493	370	0.925	100	3.203197479248047	2.7209356689453124	28	0.28	False
top_0	0	75	0.001	400	422.54786682128906	1.0563696670532225	370	0.925	100	3.206159830093384	2.7238983154296874	29	0.29	False
top_0	0	76	0.001	400	417.05149841308594	1.0426287460327148	369	0.9225	100	3.20481538772583	2.722553405761719	29	0.29	False
top_0	0	77	0.001	400	418.7972106933594	1.0469930267333984	372	0.93	100	3.202779531478882	2.720517883300781	29	0.29	False
top_0	0	78	0.001	400	415.37779998779297	1.0384444999694824	375	0.9375	100	3.190713405609131	2.7084521484375	29	0.29	True
top_0	0	79	0.001	400	426.04870986938477	1.0651217746734618	374	0.935	100	3.1973719596862793	2.7151104736328127	29	0.29	False
top_0	0	80	0.001	400	415.48521423339844	1.0387130355834961	375	0.9375	100	3.1906533241271973	2.7083917236328126	29	0.29	True
top_0	0	81	0.001	400	418.7689666748047	1.0469224166870117	371	0.9275	100	3.205820322036743	2.7235589599609376	29	0.29	False
top_0	0	82	0.001	400	416.2376251220703	1.0405940628051757	372	0.93	100	3.19670033454895	2.714438781738281	29	0.29	False
top_0	0	83	0.001	400	416.5858097076416	1.041464524269104	375	0.9375	100	3.188868284225464	2.7066070556640627	28	0.28	True
top_0	0	84	0.001	400	409.91093254089355	1.024777331352234	373	0.9325	100	3.1934962272644043	2.7112347412109377	29	0.29	False
top_0	0	85	0.001	400	411.78395080566406	1.02945987701416	377	0.9425	100	3.2000529766082764	2.7177911376953126	29	0.29	False
top_0	0	86	0.001	400	411.7951593399048	1.029487898349762	375	0.9375	100	3.200961112976074	2.7186993408203124	29	0.29	False
top_0	0	87	0.001	400	412.94224548339844	1.0323556137084962	370	0.925	100	3.1902029514312744	2.7079412841796877	28	0.28	False
top_0	0	88	0.001	400	412.5430335998535	1.0313575839996338	370	0.925	100	3.190469980239868	2.7082083129882815	29	0.29	False
top_0	0	89	0.001	400	409.0566120147705	1.0226415300369263	370	0.925	100	3.1832921504974365	2.701030578613281	29	0.29	True
top_0	0	90	0.001	400	414.3339567184448	1.035834891796112	372	0.93	100	3.176868200302124	2.6946066284179686	30	0.3	True
top_0	0	91	0.001	400	408.9516906738281	1.0223792266845704	373	0.9325	100	3.1816015243530273	2.699339599609375	29	0.29	False
top_0	0	92	0.001	400	413.90092277526855	1.0347523069381714	374	0.935	100	3.1781437397003174	2.6958822631835937	30	0.3	False
top_0	0	93	0.001	400	412.0197277069092	1.030049319267273	375	0.9375	100	3.167360782623291	2.6850991821289063	30	0.3	True
top_0	0	94	0.001	400	410.905704498291	1.0272642612457275	372	0.93	100	3.1679141521453857	2.6856524658203127	30	0.3	False
top_0	0	95	0.001	400	406.8057403564453	1.0170143508911134	372	0.93	100	3.1726415157318115	2.6903802490234376	31	0.31	False
top_0	0	96	0.001	400	405.8129653930664	1.014532413482666	375	0.9375	100	3.1727709770202637	2.6905096435546874	29	0.29	False
top_0	0	97	0.001	400	404.50342559814453	1.0112585639953613	372	0.93	100	3.1801629066467285	2.697901306152344	30	0.3	False
top_0	0	98	0.001	400	404.3507385253906	1.0108768463134765	375	0.9375	100	3.1749844551086426	2.6927224731445314	28	0.28	False
top_0	0	99	0.001	400	405.1386260986328	1.0128465652465821	375	0.9375	100	3.1779611110687256	2.695699462890625	29	0.29	False
top_0	0	100	0.001	400	403.6361560821533	1.0090903902053834	376	0.94	100	3.1728057861328125	2.6905441284179688	31	0.31	False
top_1	1	1	0.01	400	1846.7995910644531	4.616998977661133	8	0.02	100	4.654004096984863	4.171742553710938	1	0.01	True
top_1	1	2	0.01	400	1805.506851196289	4.5137671279907225	16	0.04	100	4.614696979522705	4.132435302734375	3	0.03	True
top_1	1	3	0.01	400	1768.5054626464844	4.421263656616211	28	0.07	100	4.588845252990723	4.106583557128906	3	0.03	True
top_1	1	4	0.01	400	1733.4810485839844	4.3337026214599605	58	0.145	100	4.578122615814209	4.095860900878907	5	0.05	True
top_1	1	5	0.01	400	1696.3556671142578	4.240889167785644	85	0.2125	100	4.555724620819092	4.073463134765625	5	0.05	True
top_1	1	6	0.01	400	1655.6917419433594	4.139229354858398	103	0.2575	100	4.537103652954102	4.05484130859375	4	0.04	True
top_1	1	7	0.01	400	1618.7181701660156	4.046795425415039	119	0.2975	100	4.518284320831299	4.03602294921875	5	0.05	True
top_1	1	8	0.01	400	1582.524227142334	3.956310567855835	138	0.345	100	4.502401828765869	4.020140380859375	5	0.05	True
top_1	1	9	0.01	400	1548.6456146240234	3.8716140365600586	139	0.3475	100	4.481542110443115	3.9992803955078124	5	0.05	True
top_1	1	10	0.01	400	1509.4225730895996	3.773556432723999	151	0.3775	100	4.468382358551025	3.9861209106445314	5	0.05	True
top_1	1	11	0.01	400	1473.7944831848145	3.684486207962036	160	0.4	100	4.443332195281982	3.961070556640625	5	0.05	True
top_1	1	12	0.01	400	1439.7497253417969	3.599374313354492	170	0.425	100	4.432129383087158	3.949867858886719	6	0.06	True
top_1	1	13	0.01	400	1404.41015625	3.511025390625	178	0.445	100	4.410062313079834	3.9278009033203123	7	0.07	True
top_1	1	14	0.01	400	1373.923469543457	3.4348086738586425	182	0.455	100	4.392703533172607	3.91044189453125	8	0.08	True
top_1	1	15	0.01	400	1338.2907257080078	3.3457268142700194	191	0.4775	100	4.368434906005859	3.886173095703125	9	0.09	True
top_1	1	16	0.01	400	1303.9292755126953	3.259823188781738	209	0.5225	100	4.356001377105713	3.873740234375	9	0.09	True
top_1	1	17	0.01	400	1273.279182434082	3.183197956085205	203	0.5075	100	4.334353923797607	3.852092590332031	9	0.09	True
top_1	1	18	0.01	400	1240.104866027832	3.10026216506958	217	0.5425	100	4.311145305633545	3.8288836669921875	9	0.09	True
top_1	1	19	0.01	400	1204.2220420837402	3.0105551052093507	223	0.5575	100	4.290613174438477	3.8083514404296874	9	0.09	True
top_1	1	20	0.01	400	1176.5111770629883	2.9412779426574707	241	0.6025	100	4.274031162261963	3.791769714355469	9	0.09	True
top_1	1	21	0.01	400	1145.8952751159668	2.864738187789917	243	0.6075	100	4.250006675720215	3.7677447509765627	9	0.09	True
top_1	1	22	0.01	400	1115.6056022644043	2.7890140056610107	255	0.6375	100	4.234270095825195	3.7520086669921877	11	0.11	True
top_1	1	23	0.01	400	1089.3368873596191	2.723342218399048	265	0.6625	100	4.213573932647705	3.731312255859375	12	0.12	True
top_1	1	24	0.01	400	1057.9816970825195	2.644954242706299	272	0.68	100	4.197658061981201	3.715396728515625	13	0.13	True
top_1	1	25	0.01	400	1028.6930084228516	2.571732521057129	276	0.69	100	4.166006565093994	3.6837445068359376	13	0.13	True
top_1	1	26	0.01	400	1001.0223655700684	2.5025559139251707	284	0.71	100	4.148721694946289	3.6664599609375	13	0.13	True
top_1	1	27	0.01	400	980.023494720459	2.4500587368011475	289	0.7225	100	4.126632213592529	3.6443701171875	12	0.12	True
top_1	1	28	0.01	400	949.5874519348145	2.373968629837036	299	0.7475	100	4.116049766540527	3.633787841796875	12	0.12	True
top_1	1	29	0.01	400	921.6416263580322	2.3041040658950807	301	0.7525	100	4.096588134765625	3.6143267822265623	13	0.13	True
top_1	1	30	0.01	400	897.409782409668	2.24352445602417	305	0.7625	100	4.071377277374268	3.5891159057617186	14	0.14	True
top_1	1	31	0.01	400	876.6265716552734	2.1915664291381836	311	0.7775	100	4.048209190368652	3.5659478759765624	14	0.14	True
top_1	1	32	0.01	400	856.8285255432129	2.142071313858032	314	0.785	100	4.029246807098389	3.546985778808594	13	0.13	True
top_1	1	33	0.01	400	834.1216430664062	2.0853041076660155	314	0.785	100	4.001063823699951	3.5188021850585938	15	0.15	True
top_1	1	34	0.01	400	805.3452911376953	2.013363227844238	316	0.79	100	3.9757392406463623	3.493477783203125	16	0.16	True
top_1	1	35	0.01	400	794.8584861755371	1.9871462154388428	322	0.805	100	3.9600701332092285	3.477808532714844	16	0.16	True
top_1	1	36	0.01	400	761.9983444213867	1.9049958610534667	326	0.815	100	3.945545196533203	3.4632833862304686	15	0.15	True
top_1	1	37	0.01	400	742.4824523925781	1.8562061309814453	337	0.8425	100	3.9295718669891357	3.4473101806640627	16	0.16	True
top_1	1	38	0.01	400	724.1488952636719	1.8103722381591796	334	0.835	100	3.9098012447357178	3.4275396728515624	17	0.17	True
top_1	1	39	0.01	400	705.6669654846191	1.764167413711548	342	0.855	100	3.889808177947998	3.4075466918945314	16	0.16	True
top_1	1	40	0.01	400	684.4095687866211	1.7110239219665528	347	0.8675	100	3.8729565143585205	3.390694580078125	16	0.16	True
top_1	1	41	0.01	400	669.5888328552246	1.6739720821380615	344	0.86	100	3.8500750064849854	3.3678131103515625	16	0.16	True
top_1	1	42	0.01	400	655.7319641113281	1.6393299102783203	341	0.8525	100	3.8342132568359375	3.3519512939453127	16	0.16	True
top_1	1	43	0.01	400	637.6190986633301	1.5940477466583252	348	0.87	100	3.8271186351776123	3.344857177734375	17	0.17	True
top_1	1	44	0.01	400	623.6003227233887	1.5590008068084718	348	0.87	100	3.803452730178833	3.32119140625	17	0.17	True
top_1	1	45	0.01	400	610.8397407531738	1.5270993518829346	347	0.8675	100	3.778439521789551	3.296177978515625	17	0.17	True
top_1	1	46	0.01	400	589.1055202484131	1.4727638006210326	353	0.8825	100	3.768669366836548	3.286407775878906	19	0.19	True
top_1	1	47	0.01	400	574.2176284790039	1.4355440711975098	354	0.885	100	3.7525031566619873	3.27024169921875	21	0.21	True
top_1	1	48	0.01	400	568.9043598175049	1.4222608995437622	359	0.8975	100	3.7304844856262207	3.2482232666015625	19	0.19	True
top_1	1	49	0.01	400	552.5108070373535	1.3812770175933837	359	0.8975	100	3.7212443351745605	3.238982849121094	19	0.19	True
top_1	1	50	0.01	400	537.7791786193848	1.344447946548462	363	0.9075	100	3.6925883293151855	3.2103271484375	20	0.2	True
top_1	1	51	0.01	400	530.0787048339844	1.325196762084961	363	0.9075	100	3.702942132949829	3.2206805419921873	21	0.21	False
top_1	1	52	0.01	400	519.7068271636963	1.2992670679092406	358	0.895	100	3.697240114212036	3.2149786376953124	21	0.21	False
top_1	1	53	0.01	400	512.5258102416992	1.281314525604248	361	0.9025	100	3.670271873474121	3.18801025390625	21	0.21	True
top_1	1	54	0.01	400	498.7318115234375	1.2468295288085938	363	0.9075	100	3.6554150581359863	3.1731533813476562	21	0.21	True
top_1	1	55	0.01	400	487.2781105041504	1.218195276260376	365	0.9125	100	3.639397382736206	3.15713623046875	20	0.2	True
top_1	1	56	0.01	400	475.81071281433105	1.1895267820358277	364	0.91	100	3.6395061016082764	3.1572442626953126	23	0.23	False
top_1	1	57	0.01	400	467.9911251068115	1.1699778127670288	367	0.9175	100	3.6221842765808105	3.139922790527344	23	0.23	True
top_1	1	58	0.01	400	461.40576171875	1.153514404296875	366	0.915	100	3.620398998260498	3.13813720703125	22	0.22	True
top_1	1	59	0.01	400	453.6300048828125	1.1340750122070313	368	0.92	100	3.601733922958374	3.1194723510742186	22	0.22	True
top_1	1	60	0.01	400	443.23722076416016	1.1080930519104004	369	0.9225	100	3.585155487060547	3.102893981933594	24	0.24	True
top_1	1	61	0.001	400	437.26298332214355	1.093157458305359	375	0.9375	100	3.581204652786255	3.09894287109375	24	0.24	True
top_1	1	62	0.001	400	437.43525314331055	1.0935881328582764	373	0.9325	100	3.577840566635132	3.0955792236328126	25	0.25	True
top_1	1	63	0.001	400	436.14650535583496	1.0903662633895874	371	0.9275	100	3.576472759246826	3.0942111206054688	25	0.25	True
top_1	1	64	0.001	400	439.42111015319824	1.0985527753829956	373	0.9325	100	3.566986560821533	3.084725341796875	26	0.26	True
top_1	1	65	0.001	400	432.485782623291	1.0812144565582276	370	0.925	100	3.576580762863159	3.0943194580078126	24	0.24	False
top_1	1	66	0.001	400	435.48620986938477	1.0887155246734619	371	0.9275	100	3.5768508911132812	3.0945892333984375	23	0.23	False
top_1	1	67	0.001	400	436.99095153808594	1.092477378845215	372	0.93	100	3.5784947872161865	3.0962335205078126	24	0.24	False
top_1	1	68	0.001	400	429.478946685791	1.0736973667144776	369	0.9225	100	3.574639320373535	3.0923779296875	25	0.25	False
top_1	1	69	0.001	400	431.8778495788574	1.0796946239471437	370	0.925	100	3.5724573135375977	3.0901953125	24	0.24	False
top_1	1	70	0.001	400	430.1760673522949	1.0754401683807373	371	0.9275	100	3.5661137104034424	3.0838522338867187	25	0.25	True
top_1	1	71	0.001	400	426.94675064086914	1.0673668766021729	375	0.9375	100	3.5625195503234863	3.080257568359375	25	0.25	True
top_1	1	72	0.001	400	423.99901008605957	1.059997525215149	375	0.9375	100	3.572007417678833	3.0897454833984375	25	0.25	False
top_1	1	73	0.001	400	428.37623596191406	1.0709405899047852	373	0.9325	100	3.5737364292144775	3.0914752197265627	25	0.25	False
top_1	1	74	0.001	400	431.99048614501953	1.0799762153625487	369	0.9225	100	3.564492702484131	3.0822308349609373	24	0.24	False
top_1	1	75	0.001	400	430.36246490478516	1.0759061622619628	371	0.9275	100	3.569169282913208	3.086907958984375	25	0.25	False
top_1	1	76	0.001	400	423.49879264831543	1.0587469816207886	368	0.92	100	3.568267822265625	3.086005859375	24	0.24	False
top_1	1	77	0.001	400	426.3219184875488	1.0658047962188721	373	0.9325	100	3.5694503784179688	3.087188720703125	24	0.24	False
top_1	1	78	0.001	400	424.07775115966797	1.0601943778991698	377	0.9425	100	3.5575203895568848	3.0752587890625	24	0.24	True
top_1	1	79	0.001	400	434.2654914855957	1.0856637287139892	372	0.93	100	3.56235408782959	3.080092468261719	25	0.25	False
top_1	1	80	0.001	400	421.48159980773926	1.0537039995193482	376	0.94	100	3.5537664890289307	3.0715045166015624	26	0.26	True
top_1	1	81	0.001	400	428.4613952636719	1.0711534881591798	370	0.925	100	3.5651681423187256	3.082906494140625	25	0.25	False
top_1	1	82	0.001	400	422.8950500488281	1.0572376251220703	372	0.93	100	3.565612316131592	3.083350830078125	25	0.25	False
top_1	1	83	0.001	400	424.45935821533203	1.06114839553833	372	0.93	100	3.555104970932007	3.072843017578125	25	0.25	False
top_1	1	84	0.001	400	418.4939651489258	1.0462349128723145	373	0.9325	100	3.5586471557617188	3.076385498046875	24	0.24	False
top_1	1	85	0.001	400	418.79012298583984	1.0469753074645995	374	0.935	100	3.562067985534668	3.0798065185546877	23	0.23	False
top_1	1	86	0.001	400	417.3870315551758	1.0434675788879395	377	0.9425	100	3.5563597679138184	3.0740982055664063	25	0.25	False
top_1	1	87	0.001	400	419.5616817474365	1.0489042043685912	374	0.935	100	3.5593950748443604	3.0771331787109375	25	0.25	False
top_1	1	88	0.001	400	421.5055561065674	1.0537638902664184	368	0.92	100	3.563546657562256	3.0812847900390623	24	0.24	False
top_1	1	89	0.001	400	417.4067077636719	1.0435167694091796	375	0.9375	100	3.554598569869995	3.0723370361328124	24	0.24	False
top_1	1	90	0.001	400	421.44292640686035	1.0536073160171509	374	0.935	100	3.546403169631958	3.0641415405273436	24	0.24	True
top_1	1	91	0.001	400	416.5812187194824	1.041453046798706	375	0.9375	100	3.551898717880249	3.069637451171875	24	0.24	False
top_1	1	92	0.001	400	420.3798065185547	1.0509495162963867	372	0.93	100	3.5483431816101074	3.06608154296875	24	0.24	False
top_1	1	93	0.001	400	418.4715690612793	1.0461789226531983	376	0.94	100	3.5423693656921387	3.0601080322265624	23	0.23	True
top_1	1	94	0.001	400	418.3275566101074	1.0458188915252686	377	0.9425	100	3.5437097549438477	3.061448059082031	24	0.24	False
top_1	1	95	0.001	400	414.18630027770996	1.0354657506942748	374	0.935	100	3.543431520462036	3.0611700439453124	24	0.24	False
top_1	1	96	0.001	400	414.3698501586914	1.0359246253967285	374	0.935	100	3.5394768714904785	3.0572149658203127	26	0.26	True
top_1	1	97	0.001	400	410.4683074951172	1.026170768737793	374	0.935	100	3.5444891452789307	3.0622271728515624	25	0.25	False
top_1	1	98	0.001	400	410.80307388305664	1.0270076847076417	373	0.9325	100	3.5443239212036133	3.0620623779296876	25	0.25	False
top_1	1	99	0.001	400	411.00048446655273	1.027501211166382	374	0.935	100	3.5477135181427	3.065451965332031	25	0.25	False
top_1	1	100	0.001	400	409.6126480102539	1.0240316200256347	371	0.9275	100	3.543604612350464	3.0613433837890627	24	0.24	False
top_2	2	1	0.01	400	1845.1259231567383	4.612814807891846	0	0.0	100	4.63716983795166	4.154908142089844	1	0.01	True
top_2	2	2	0.01	400	1804.7817687988281	4.51195442199707	13	0.0325	100	4.602626323699951	4.120364990234375	2	0.02	True
top_2	2	3	0.01	400	1764.7406463623047	4.4118516159057615	34	0.085	100	4.5879011154174805	4.1056396484375	1	0.01	True
top_2	2	4	0.01	400	1730.5344543457031	4.326336135864258	63	0.1575	100	4.56392240524292	4.081661071777344	4	0.04	True
top_2	2	5	0.01	400	1689.6575622558594	4.224143905639648	76	0.19	100	4.546034336090088	4.063772583007813	4	0.04	True
top_2	2	6	0.01	400	1648.7769927978516	4.121942481994629	100	0.25	100	4.528906345367432	4.046644897460937	5	0.05	True
top_2	2	7	0.01	400	1613.0840454101562	4.032710113525391	122	0.305	100	4.512325286865234	4.0300634765625	5	0.05	True
top_2	2	8	0.01	400	1576.986099243164	3.94246524810791	128	0.32	100	4.4993486404418945	4.01708740234375	6	0.06	True
top_2	2	9	0.01	400	1540.595603942871	3.8514890098571777	138	0.345	100	4.488133907318115	4.005872802734375	5	0.05	True
top_2	2	10	0.01	400	1498.2969207763672	3.745742301940918	153	0.3825	100	4.473565101623535	3.9913031005859376	5	0.05	True
top_2	2	11	0.01	400	1470.8193664550781	3.6770484161376955	160	0.4	100	4.44889497756958	3.9666339111328126	5	0.05	True
top_2	2	12	0.01	400	1433.307273864746	3.5832681846618653	170	0.425	100	4.436155319213867	3.9538934326171873	5	0.05	True
top_2	2	13	0.01	400	1397.4268035888672	3.493567008972168	182	0.455	100	4.422501564025879	3.9402398681640625	7	0.07	True
top_2	2	14	0.01	400	1367.3094329833984	3.418273582458496	187	0.4675	100	4.402595520019531	3.9203335571289064	7	0.07	True
top_2	2	15	0.01	400	1335.0596084594727	3.337649021148682	200	0.5	100	4.38564395904541	3.9033819580078126	8	0.08	True
top_2	2	16	0.01	400	1300.7386093139648	3.2518465232849123	207	0.5175	100	4.37764310836792	3.8953814697265625	8	0.08	True
top_2	2	17	0.01	400	1267.6986083984375	3.1692465209960936	217	0.5425	100	4.357588768005371	3.8753271484375	8	0.08	True
top_2	2	18	0.01	400	1239.6618728637695	3.099154682159424	220	0.55	100	4.331140518188477	3.8488787841796874	8	0.08	True
top_2	2	19	0.01	400	1202.8500213623047	3.007125053405762	234	0.585	100	4.3213653564453125	3.83910400390625	8	0.08	True
top_2	2	20	0.01	400	1173.9201431274414	2.9348003578186037	243	0.6075	100	4.308951377868652	3.8266897583007813	8	0.08	True
top_2	2	21	0.01	400	1145.8804321289062	2.8647010803222654	255	0.6375	100	4.287209987640381	3.80494873046875	9	0.09	True
top_2	2	22	0.01	400	1117.04248046875	2.792606201171875	258	0.645	100	4.2723002433776855	3.7900384521484374	9	0.09	True
top_2	2	23	0.01	400	1089.3646202087402	2.723411550521851	267	0.6675	100	4.258975028991699	3.7767132568359374	10	0.1	True
top_2	2	24	0.01	400	1060.7006874084473	2.651751718521118	269	0.6725	100	4.238038063049316	3.7557763671875	11	0.11	True
top_2	2	25	0.01	400	1031.6915893554688	2.579228973388672	275	0.6875	100	4.215302467346191	3.733041076660156	10	0.1	True
top_2	2	26	0.01	400	1007.2111015319824	2.5180277538299563	286	0.715	100	4.209259033203125	3.7269976806640623	10	0.1	True
top_2	2	27	0.01	400	985.1463851928711	2.462865962982178	285	0.7125	100	4.185728549957275	3.703466796875	10	0.1	True
top_2	2	28	0.01	400	953.2961883544922	2.3832404708862303	294	0.735	100	4.175909519195557	3.6936480712890627	10	0.1	True
top_2	2	29	0.01	400	925.4639778137207	2.313659944534302	303	0.7575	100	4.159094333648682	3.6768328857421877	10	0.1	True
top_2	2	30	0.01	400	901.7607345581055	2.254401836395264	298	0.745	100	4.13887882232666	3.656617431640625	10	0.1	True
top_2	2	31	0.01	400	884.4349899291992	2.211087474822998	310	0.775	100	4.117128849029541	3.6348672485351563	12	0.12	True
top_2	2	32	0.01	400	859.2403812408447	2.148100953102112	310	0.775	100	4.102426528930664	3.6201654052734376	12	0.12	True
top_2	2	33	0.01	400	837.7284469604492	2.094321117401123	314	0.785	100	4.082033157348633	3.599771728515625	13	0.13	True
top_2	2	34	0.01	400	812.435962677002	2.0310899066925048	317	0.7925	100	4.066396236419678	3.584134521484375	12	0.12	True
top_2	2	35	0.01	400	798.3091773986816	1.9957729434967042	319	0.7975	100	4.0462846755981445	3.5640228271484373	11	0.11	True
top_2	2	36	0.01	400	765.0756187438965	1.9126890468597413	330	0.825	100	4.035585880279541	3.553323974609375	13	0.13	True
top_2	2	37	0.01	400	746.2257347106934	1.8655643367767334	331	0.8275	100	4.029563903808594	3.547302551269531	11	0.11	True
top_2	2	38	0.01	400	725.6450347900391	1.8141125869750976	336	0.84	100	4.011537551879883	3.529276123046875	12	0.12	True
top_2	2	39	0.01	400	707.0202331542969	1.7675505828857423	335	0.8375	100	3.995558500289917	3.513297119140625	13	0.13	True
top_2	2	40	0.01	400	686.3543891906738	1.7158859729766847	347	0.8675	100	3.9815728664398193	3.4993115234375	14	0.14	True
top_2	2	41	0.01	400	674.4265975952148	1.6860664939880372	344	0.86	100	3.9653751850128174	3.4831137084960937	14	0.14	True
top_2	2	42	0.01	400	658.3383255004883	1.6458458137512206	341	0.8525	100	3.9619178771972656	3.4796563720703126	13	0.13	True
top_2	2	43	0.01	400	642.0895385742188	1.6052238464355468	346	0.865	100	3.941338300704956	3.4590768432617187	14	0.14	True
top_2	2	44	0.01	400	625.7266387939453	1.5643165969848634	348	0.87	100	3.923877716064453	3.4416162109375	13	0.13	True
top_2	2	45	0.01	400	614.7555885314941	1.5368889713287353	349	0.8725	100	3.922112226486206	3.4398504638671876	14	0.14	True
top_2	2	46	0.01	400	593.4092559814453	1.4835231399536133	352	0.88	100	3.912033796310425	3.4297723388671875	15	0.15	True
top_2	2	47	0.01	400	579.1699180603027	1.4479247951507568	353	0.8825	100	3.8907127380371094	3.408450927734375	15	0.15	True
top_2	2	48	0.01	400	571.5429000854492	1.428857250213623	358	0.895	100	3.862245798110962	3.379984130859375	14	0.14	True
top_2	2	49	0.01	400	554.5912208557129	1.3864780521392823	359	0.8975	100	3.855620861053467	3.373359375	15	0.15	True
top_2	2	50	0.01	400	541.0071029663086	1.3525177574157714	354	0.885	100	3.8297245502471924	3.3474627685546876	15	0.15	True
top_2	2	51	0.01	400	533.1105289459229	1.332776322364807	359	0.8975	100	3.8365416526794434	3.3542803955078124	12	0.12	False
top_2	2	52	0.01	400	521.7612285614014	1.3044030714035033	358	0.895	100	3.8325042724609375	3.3502423095703127	14	0.14	False
top_2	2	53	0.01	400	516.0769882202148	1.2901924705505372	362	0.905	100	3.82663631439209	3.3443743896484377	13	0.13	True
top_2	2	54	0.01	400	502.6966743469238	1.2567416858673095	360	0.9	100	3.816689968109131	3.3344287109375	15	0.15	True
top_2	2	55	0.01	400	491.18070220947266	1.2279517555236816	364	0.91	100	3.8116002082824707	3.3293386840820314	16	0.16	True
top_2	2	56	0.01	400	478.95580291748047	1.197389507293701	366	0.915	100	3.803090810775757	3.320829162597656	14	0.14	True
top_2	2	57	0.01	400	469.8151340484619	1.1745378351211548	368	0.92	100	3.790356397628784	3.308094482421875	14	0.14	True
top_2	2	58	0.01	400	464.0606098175049	1.1601515245437621	368	0.92	100	3.785954475402832	3.3036929321289064	17	0.17	True
top_2	2	59	0.01	400	456.52154541015625	1.1413038635253907	366	0.915	100	3.7640483379364014	3.2817868041992186	14	0.14	True
top_2	2	60	0.01	400	448.0296001434326	1.1200740003585816	369	0.9225	100	3.763026237487793	3.2807647705078127	15	0.15	True
top_2	2	61	0.001	400	440.7433395385742	1.1018583488464355	367	0.9175	100	3.7548255920410156	3.2725640869140626	16	0.16	True
top_2	2	62	0.001	400	440.54320335388184	1.1013580083847045	372	0.93	100	3.752977132797241	3.2707159423828127	16	0.16	True
top_2	2	63	0.001	400	441.07065200805664	1.1026766300201416	369	0.9225	100	3.7483880519866943	3.2661260986328124	15	0.15	True
top_2	2	64	0.001	400	443.4720878601074	1.1086802196502685	369	0.9225	100	3.7430577278137207	3.2607958984375	15	0.15	True
top_2	2	65	0.001	400	434.4392032623291	1.0860980081558227	370	0.925	100	3.7519829273223877	3.2697216796875	13	0.13	False
top_2	2	66	0.001	400	437.5081977844238	1.0937704944610596	370	0.925	100	3.751554489135742	3.269293212890625	16	0.16	False
top_2	2	67	0.001	400	438.36683464050293	1.0959170866012573	372	0.93	100	3.7474327087402344	3.2651708984375	17	0.17	False
top_2	2	68	0.001	400	432.56200218200684	1.081405005455017	370	0.925	100	3.7495176792144775	3.2672564697265627	17	0.17	False
top_2	2	69	0.001	400	434.6347999572754	1.0865869998931885	372	0.93	100	3.759248971939087	3.2769873046875	14	0.14	False
top_2	2	70	0.001	400	432.2578372955322	1.0806445932388307	366	0.915	100	3.7496917247772217	3.2674301147460936	16	0.16	False
top_2	2	71	0.001	400	427.97021865844727	1.0699255466461182	373	0.9325	100	3.740257501602173	3.257995910644531	17	0.17	True
top_2	2	72	0.001	400	425.18546867370605	1.0629636716842652	371	0.9275	100	3.7461936473846436	3.2639324951171873	16	0.16	False
top_2	2	73	0.001	400	432.0708351135254	1.0801770877838135	370	0.925	100	3.748802423477173	3.266540832519531	16	0.16	False
top_2	2	74	0.001	400	434.29147720336914	1.085728693008423	373	0.9325	100	3.7408087253570557	3.258547058105469	16	0.16	False
top_2	2	75	0.001	400	433.72277069091797	1.084306926727295	372	0.93	100	3.744983434677124	3.26272216796875	14	0.14	False
top_2	2	76	0.001	400	426.4506664276123	1.0661266660690307	370	0.925	100	3.7431490421295166	3.260887451171875	16	0.16	False
top_2	2	77	0.001	400	428.5647258758545	1.0714118146896363	371	0.9275	100	3.7482850551605225	3.2660235595703124	14	0.14	False
top_2	2	78	0.001	400	428.3751583099365	1.0709378957748412	372	0.93	100	3.733712911605835	3.251451416015625	15	0.15	True
top_2	2	79	0.001	400	436.2794017791748	1.090698504447937	374	0.935	100	3.7312474250793457	3.2489862060546875	15	0.15	True
top_2	2	80	0.001	400	424.5272407531738	1.0613181018829345	376	0.94	100	3.731633186340332	3.249371337890625	15	0.15	False
top_2	2	81	0.001	400	429.6401176452637	1.0741002941131592	367	0.9175	100	3.739938497543335	3.257677001953125	15	0.15	False
top_2	2	82	0.001	400	426.62071228027344	1.0665517807006837	374	0.935	100	3.7414348125457764	3.2591732788085936	14	0.14	False
top_2	2	83	0.001	400	426.1799964904785	1.0654499912261963	377	0.9425	100	3.736339569091797	3.254078063964844	15	0.15	False
top_2	2	84	0.001	400	421.0968360900879	1.0527420902252198	371	0.9275	100	3.738795042037964	3.256533508300781	15	0.15	False
top_2	2	85	0.001	400	421.77489852905273	1.054437246322632	375	0.9375	100	3.7341392040252686	3.251877746582031	14	0.14	False
top_2	2	86	0.001	400	419.7093172073364	1.049273293018341	373	0.9325	100	3.7368974685668945	3.254635925292969	14	0.14	False
top_2	2	87	0.001	400	421.22096252441406	1.0530524063110351	373	0.9325	100	3.734147310256958	3.2518853759765625	14	0.14	False
top_2	2	88	0.001	400	423.92956352233887	1.0598239088058472	372	0.93	100	3.7436740398406982	3.261412353515625	13	0.13	False
top_2	2	89	0.001	400	418.95366859436035	1.047384171485901	372	0.93	100	3.7383244037628174	3.256063232421875	14	0.14	False
top_2	2	90	0.001	400	423.68773651123047	1.0592193412780762	374	0.935	100	3.7246837615966797	3.242421875	15	0.15	True
top_2	2	91	0.001	400	420.515193939209	1.0512879848480225	374	0.935	100	3.729667901992798	3.247406005859375	15	0.15	False
top_2	2	92	0.001	400	424.2050666809082	1.0605126667022704	370	0.925	100	3.7257351875305176	3.2434735107421875	17	0.17	False
top_2	2	93	0.001	400	420.3751564025879	1.0509378910064697	376	0.94	100	3.72137451171875	3.239112548828125	18	0.18	True
top_2	2	94	0.001	400	420.5062141418457	1.0512655353546143	376	0.94	100	3.722515821456909	3.240254211425781	16	0.16	False
top_2	2	95	0.001	400	416.7960777282715	1.0419901943206786	374	0.935	100	3.7227447032928467	3.2404827880859375	15	0.15	False
top_2	2	96	0.001	400	417.42154121398926	1.043553853034973	374	0.935	100	3.712935209274292	3.230673522949219	16	0.16	True
top_2	2	97	0.001	400	413.00058364868164	1.032501459121704	373	0.9325	100	3.7157323360443115	3.233470458984375	16	0.16	False
top_2	2	98	0.001	400	414.12903594970703	1.0353225898742675	373	0.9325	100	3.720285177230835	3.238023681640625	15	0.15	False
top_2	2	99	0.001	400	413.41826820373535	1.0335456705093384	374	0.935	100	3.721409320831299	3.2391473388671876	15	0.15	False
top_2	2	100	0.001	400	412.5542907714844	1.031385726928711	380	0.95	100	3.71850323677063	3.2362420654296873	15	0.15	False
top_3	3	1	0.01	400	1842.6869201660156	4.606717300415039	4	0.01	100	4.635229587554932	4.152967834472657	1	0.01	True
top_3	3	2	0.01	400	1804.4253540039062	4.5110633850097654	14	0.035	100	4.605072021484375	4.12281005859375	1	0.01	True
top_3	3	3	0.01	400	1766.0438537597656	4.415109634399414	28	0.07	100	4.5880560874938965	4.105794372558594	2	0.02	True
top_3	3	4	0.01	400	1730.6529388427734	4.3266323471069335	49	0.1225	100	4.572331428527832	4.090070190429688	1	0.01	True
top_3	3	5	0.01	400	1694.10205078125	4.235255126953125	84	0.21	100	4.55436897277832	4.07210693359375	3	0.03	True
top_3	3	6	0.01	400	1656.1550827026367	4.1403877067565915	96	0.24	100	4.536323547363281	4.0540625	4	0.04	True
top_3	3	7	0.01	400	1619.8299102783203	4.049574775695801	123	0.3075	100	4.523419380187988	4.041157836914063	5	0.05	True
top_3	3	8	0.01	400	1588.1839904785156	3.970459976196289	127	0.3175	100	4.51593017578125	4.033668212890625	4	0.04	True
top_3	3	9	0.01	400	1550.186508178711	3.8754662704467773	130	0.325	100	4.496715068817139	4.014453735351562	4	0.04	True
top_3	3	10	0.01	400	1512.6749267578125	3.7816873168945313	140	0.35	100	4.485653400421143	4.003392333984375	5	0.05	True
top_3	3	11	0.01	400	1483.7277145385742	3.7093192863464357	148	0.37	100	4.4694504737854	3.9871893310546875	4	0.04	True
top_3	3	12	0.01	400	1445.1879043579102	3.6129697608947753	154	0.385	100	4.462546348571777	3.9802847290039063	4	0.04	True
top_3	3	13	0.01	400	1412.3014526367188	3.530753631591797	171	0.4275	100	4.445968151092529	3.9637066650390627	4	0.04	True
top_3	3	14	0.01	400	1382.880599975586	3.457201499938965	170	0.425	100	4.426906108856201	3.9446444702148438	4	0.04	True
top_3	3	15	0.01	400	1349.80415725708	3.3745103931427	180	0.45	100	4.410299777984619	3.9280380249023437	4	0.04	True
top_3	3	16	0.01	400	1314.240234375	3.2856005859375	191	0.4775	100	4.395576000213623	3.913314208984375	4	0.04	True
top_3	3	17	0.01	400	1285.9671173095703	3.214917793273926	194	0.485	100	4.375524044036865	3.8932623291015624	5	0.05	True
top_3	3	18	0.01	400	1254.5097885131836	3.136274471282959	215	0.5375	100	4.348323345184326	3.86606201171875	6	0.06	True
top_3	3	19	0.01	400	1220.3598976135254	3.0508997440338135	230	0.575	100	4.342095851898193	3.859833984375	7	0.07	True
top_3	3	20	0.01	400	1191.4721755981445	2.978680438995361	232	0.58	100	4.318723201751709	3.836461486816406	8	0.08	True
top_3	3	21	0.01	400	1160.4677124023438	2.9011692810058594	239	0.5975	100	4.290177345275879	3.8079156494140625	8	0.08	True
top_3	3	22	0.01	400	1134.8317565917969	2.837079391479492	252	0.63	100	4.284622669219971	3.80236083984375	9	0.09	True
top_3	3	23	0.01	400	1106.8018264770508	2.767004566192627	254	0.635	100	4.268299579620361	3.7860382080078123	9	0.09	True
top_3	3	24	0.01	400	1077.6048698425293	2.694012174606323	266	0.665	100	4.25364351272583	3.7713824462890626	9	0.09	True
top_3	3	25	0.01	400	1048.678077697754	2.621695194244385	279	0.6975	100	4.23136043548584	3.749098815917969	7	0.07	True
top_3	3	26	0.01	400	1025.5614547729492	2.563903636932373	277	0.6925	100	4.205841541290283	3.723580322265625	9	0.09	True
top_3	3	27	0.01	400	1002.9435653686523	2.5073589134216308	285	0.7125	100	4.186054706573486	3.7037933349609373	8	0.08	True
top_3	3	28	0.01	400	970.0734367370605	2.4251835918426514	298	0.745	100	4.178188800811768	3.6959271240234375	8	0.08	True
top_3	3	29	0.01	400	942.013427734375	2.3550335693359377	299	0.7475	100	4.1658244132995605	3.6835626220703124	8	0.08	True
top_3	3	30	0.01	400	921.0220336914062	2.3025550842285156	303	0.7575	100	4.143157005310059	3.6608953857421875	8	0.08	True
top_3	3	31	0.01	400	898.663761138916	2.24665940284729	307	0.7675	100	4.126217365264893	3.6439556884765625	8	0.08	True
top_3	3	32	0.01	400	874.168872833252	2.18542218208313	320	0.8	100	4.093962669372559	3.6117010498046875	9	0.09	True
top_3	3	33	0.01	400	854.3505783081055	2.1358764457702635	317	0.7925	100	4.090107440948486	3.6078457641601562	9	0.09	True
top_3	3	34	0.01	400	826.3999328613281	2.06599983215332	320	0.8	100	4.063180923461914	3.5809194946289065	11	0.11	True
top_3	3	35	0.01	400	811.862907409668	2.02965726852417	325	0.8125	100	4.0516886711120605	3.5694268798828124	10	0.1	True
top_3	3	36	0.01	400	780.2971954345703	1.9507429885864258	328	0.82	100	4.03726863861084	3.5550067138671877	11	0.11	True
top_3	3	37	0.01	400	761.4814071655273	1.9037035179138184	335	0.8375	100	4.014035224914551	3.531773681640625	12	0.12	True
top_3	3	38	0.01	400	738.4519500732422	1.8461298751831055	336	0.84	100	3.9974429607391357	3.515180969238281	12	0.12	True
top_3	3	39	0.01	400	722.8813438415527	1.807203359603882	337	0.8425	100	3.99194073677063	3.509678955078125	12	0.12	True
top_3	3	40	0.01	400	698.1888465881348	1.7454721164703368	342	0.855	100	3.959099531173706	3.47683837890625	13	0.13	True
top_3	3	41	0.01	400	685.2416877746582	1.7131042194366455	352	0.88	100	3.9381158351898193	3.4558538818359374	13	0.13	True
top_3	3	42	0.01	400	668.0560626983643	1.6701401567459107	344	0.86	100	3.9309868812561035	3.4487255859375	13	0.13	True
top_3	3	43	0.01	400	649.792552947998	1.624481382369995	351	0.8775	100	3.9167373180389404	3.4344757080078123	13	0.13	True
top_3	3	44	0.01	400	632.7068099975586	1.5817670249938964	356	0.89	100	3.897235870361328	3.414974365234375	13	0.13	True
top_3	3	45	0.01	400	623.5439109802246	1.5588597774505615	351	0.8775	100	3.8929991722106934	3.4107373046875	13	0.13	True
top_3	3	46	0.01	400	600.8114318847656	1.5020285797119142	355	0.8875	100	3.8876333236694336	3.4053717041015625	13	0.13	True
top_3	3	47	0.01	400	584.8013687133789	1.4620034217834472	365	0.9125	100	3.8688108921051025	3.386549377441406	14	0.14	True
top_3	3	48	0.01	400	577.6117038726807	1.4440292596817017	363	0.9075	100	3.839421272277832	3.3571597290039064	13	0.13	True
top_3	3	49	0.01	400	558.4160652160645	1.396040163040161	368	0.92	100	3.8162593841552734	3.333997802734375	14	0.14	True
top_3	3	50	0.01	400	545.1110801696777	1.3627777004241943	362	0.905	100	3.8103435039520264	3.3280819702148436	14	0.14	True
top_3	3	51	0.01	400	538.028600692749	1.3450715017318726	367	0.9175	100	3.806382894515991	3.32412109375	14	0.14	True
top_3	3	52	0.01	400	526.015567779541	1.3150389194488525	364	0.91	100	3.7909460067749023	3.30868408203125	14	0.14	True
top_3	3	53	0.01	400	519.8246421813965	1.2995616054534913	364	0.91	100	3.7848150730133057	3.302553405761719	14	0.14	True
top_3	3	54	0.01	400	508.9687385559082	1.2724218463897705	365	0.9125	100	3.7734031677246094	3.291141357421875	15	0.15	True
top_3	3	55	0.01	400	493.8224391937256	1.234556097984314	367	0.9175	100	3.76804518699646	3.28578369140625	14	0.14	True
top_3	3	56	0.01	400	481.05070877075195	1.20262677192688	371	0.9275	100	3.747016191482544	3.264754638671875	15	0.15	True
top_3	3	57	0.01	400	474.8347873687744	1.187086968421936	370	0.925	100	3.750732898712158	3.2684710693359373	17	0.17	False
top_3	3	58	0.01	400	464.6354751586914	1.1615886878967285	372	0.93	100	3.741162061691284	3.2589007568359376	16	0.16	True
top_3	3	59	0.01	400	456.3761177062988	1.1409402942657472	369	0.9225	100	3.734358549118042	3.25209716796875	16	0.16	True
top_3	3	60	0.01	400	451.5505123138428	1.128876280784607	374	0.935	100	3.7255282402038574	3.2432666015625	17	0.17	True
top_3	3	61	0.001	400	441.58941078186035	1.103973526954651	380	0.95	100	3.714891195297241	3.232629699707031	17	0.17	True
top_3	3	62	0.001	400	441.47687339782715	1.1036921834945679	374	0.935	100	3.7157769203186035	3.2335150146484377	16	0.16	False
top_3	3	63	0.001	400	441.32433891296387	1.1033108472824096	376	0.94	100	3.7160701751708984	3.23380859375	16	0.16	False
top_3	3	64	0.001	400	442.3736267089844	1.1059340667724609	377	0.9425	100	3.7099692821502686	3.227707824707031	15	0.15	True
top_3	3	65	0.001	400	437.21096992492676	1.0930274248123169	376	0.94	100	3.715268850326538	3.2330072021484373	16	0.16	False
top_3	3	66	0.001	400	440.9978218078613	1.1024945545196534	375	0.9375	100	3.723999261856079	3.2417376708984373	15	0.15	False
top_3	3	67	0.001	400	439.9116668701172	1.099779167175293	378	0.945	100	3.7174766063690186	3.23521484375	16	0.16	False
top_3	3	68	0.001	400	433.33766174316406	1.08334415435791	371	0.9275	100	3.709270477294922	3.227008972167969	18	0.18	True
top_3	3	69	0.001	400	436.01708030700684	1.090042700767517	377	0.9425	100	3.7130203247070312	3.2307586669921875	17	0.17	False
top_3	3	70	0.001	400	432.46020889282227	1.0811505222320557	378	0.945	100	3.7091426849365234	3.226881103515625	16	0.16	True
top_3	3	71	0.001	400	430.8065357208252	1.077016339302063	380	0.95	100	3.7045507431030273	3.222288818359375	16	0.16	True
top_3	3	72	0.001	400	426.80199241638184	1.0670049810409545	376	0.94	100	3.711581230163574	3.2293194580078124	17	0.17	False
top_3	3	73	0.001	400	432.50295639038086	1.0812573909759522	375	0.9375	100	3.7182705402374268	3.2360089111328123	16	0.16	False
top_3	3	74	0.001	400	434.6843147277832	1.086710786819458	374	0.935	100	3.7108004093170166	3.228538818359375	18	0.18	False
top_3	3	75	0.001	400	433.2222785949707	1.0830556964874267	376	0.94	100	3.711791515350342	3.2295297241210936	18	0.18	False
top_3	3	76	0.001	400	426.5621089935303	1.0664052724838258	377	0.9425	100	3.7137811183929443	3.2315191650390624	17	0.17	False
top_3	3	77	0.001	400	431.1064872741699	1.0777662181854248	377	0.9425	100	3.7147648334503174	3.2325030517578126	17	0.17	False
top_3	3	78	0.001	400	429.3810386657715	1.0734525966644286	375	0.9375	100	3.6962080001831055	3.213946533203125	17	0.17	True
top_3	3	79	0.001	400	435.31299209594727	1.088282480239868	376	0.94	100	3.698091983795166	3.2158306884765624	17	0.17	False
top_3	3	80	0.001	400	427.02576637268066	1.0675644159317017	376	0.94	100	3.700010299682617	3.217748718261719	17	0.17	False
top_3	3	81	0.001	400	429.4943599700928	1.073735899925232	374	0.935	100	3.715371608734131	3.233110046386719	16	0.16	False
top_3	3	82	0.001	400	428.00583267211914	1.070014581680298	379	0.9475	100	3.70766019821167	3.2253985595703125	16	0.16	False
top_3	3	83	0.001	400	425.98535346984863	1.0649633836746215	377	0.9425	100	3.7021257877349854	3.2198641967773436	16	0.16	False
top_3	3	84	0.001	400	421.14084243774414	1.0528521060943603	376	0.94	100	3.705369234085083	3.2231076049804686	16	0.16	False
top_3	3	85	0.001	400	420.2453308105469	1.0506133270263671	380	0.95	100	3.7053682804107666	3.223106689453125	17	0.17	False
top_3	3	86	0.001	400	420.60999584198	1.05152498960495	377	0.9425	100	3.706345796585083	3.22408447265625	16	0.16	False
top_3	3	87	0.001	400	423.4491958618164	1.058622989654541	379	0.9475	100	3.699059247970581	3.216798095703125	16	0.16	False
top_3	3	88	0.001	400	422.8533363342285	1.0571333408355712	376	0.94	100	3.707599401473999	3.225338134765625	17	0.17	False
top_3	3	89	0.001	400	420.65943908691406	1.0516485977172851	377	0.9425	100	3.7097108364105225	3.2274493408203124	16	0.16	False
top_3	3	90	0.001	400	422.98050689697266	1.0574512672424317	379	0.9475	100	3.695770502090454	3.2135089111328123	17	0.17	True
top_3	3	91	0.001	400	422.3914260864258	1.0559785652160645	377	0.9425	100	3.696991443634033	3.2147296142578123	16	0.16	False
top_3	3	92	0.001	400	422.8684310913086	1.0571710777282715	374	0.935	100	3.689333915710449	3.207072448730469	16	0.16	True
top_3	3	93	0.001	400	421.78295135498047	1.0544573783874511	376	0.94	100	3.683286666870117	3.201025390625	17	0.17	True
top_3	3	94	0.001	400	419.10595703125	1.047764892578125	376	0.94	100	3.69061279296875	3.208350830078125	18	0.18	False
top_3	3	95	0.001	400	417.99110221862793	1.0449777555465698	378	0.945	100	3.6875383853912354	3.205277099609375	17	0.17	False
top_3	3	96	0.001	400	416.10882568359375	1.0402720642089844	374	0.935	100	3.6837077140808105	3.201446228027344	18	0.18	False
top_3	3	97	0.001	400	412.21475410461426	1.0305368852615358	375	0.9375	100	3.691689968109131	3.2094281005859373	18	0.18	False
top_3	3	98	0.001	400	413.13855743408203	1.032846393585205	377	0.9425	100	3.6933236122131348	3.211062316894531	17	0.17	False
top_3	3	99	0.001	400	411.6189670562744	1.029047417640686	374	0.935	100	3.6929337978363037	3.2106719970703126	16	0.16	False
top_3	3	100	0.001	400	411.98204803466797	1.02995512008667	378	0.945	100	3.6899287700653076	3.207667236328125	18	0.18	False
top_4	4	1	0.01	400	1848.4706344604492	4.621176586151123	6	0.015	100	4.656229019165039	4.17396728515625	0	0.0	True
top_4	4	2	0.01	400	1807.1133728027344	4.517783432006836	12	0.03	100	4.657279014587402	4.17501708984375	2	0.02	False
top_4	4	3	0.01	400	1765.1404571533203	4.412851142883301	36	0.09	100	4.645702362060547	4.163440551757812	3	0.03	True
top_4	4	4	0.01	400	1727.5108642578125	4.318777160644531	65	0.1625	100	4.6219329833984375	4.139671630859375	3	0.03	True
top_4	4	5	0.01	400	1688.7774200439453	4.221943550109863	93	0.2325	100	4.598152160644531	4.1158905029296875	4	0.04	True
top_4	4	6	0.01	400	1645.3240661621094	4.113310165405274	117	0.2925	100	4.582693099975586	4.100431518554688	4	0.04	True
top_4	4	7	0.01	400	1613.0816802978516	4.032704200744629	128	0.32	100	4.5714616775512695	4.089200439453125	4	0.04	True
top_4	4	8	0.01	400	1577.833797454834	3.944584493637085	136	0.34	100	4.562320232391357	4.080058898925781	4	0.04	True
top_4	4	9	0.01	400	1538.9053955078125	3.8472634887695314	138	0.345	100	4.5481276512146	4.065866088867187	5	0.05	True
top_4	4	10	0.01	400	1502.9518394470215	3.7573795986175536	156	0.39	100	4.536444664001465	4.054182739257812	5	0.05	True
top_4	4	11	0.01	400	1468.705005645752	3.6717625141143797	170	0.425	100	4.528385639190674	4.046123962402344	6	0.06	True
top_4	4	12	0.01	400	1430.9163513183594	3.5772908782958983	184	0.46	100	4.521780967712402	4.039519653320313	6	0.06	True
top_4	4	13	0.01	400	1398.1371574401855	3.495342893600464	182	0.455	100	4.50969934463501	4.027437744140625	5	0.05	True
top_4	4	14	0.01	400	1362.0992813110352	3.405248203277588	193	0.4825	100	4.498794078826904	4.016532287597657	5	0.05	True
top_4	4	15	0.01	400	1333.4298667907715	3.333574666976929	199	0.4975	100	4.492854118347168	4.010592346191406	6	0.06	True
top_4	4	16	0.01	400	1297.3016090393066	3.2432540225982667	215	0.5375	100	4.487588405609131	4.005326843261718	6	0.06	True
top_4	4	17	0.01	400	1269.6894721984863	3.174223680496216	221	0.5525	100	4.467006206512451	3.9847445678710938	6	0.06	True
top_4	4	18	0.01	400	1241.4828605651855	3.103707151412964	225	0.5625	100	4.445924758911133	3.9636627197265626	5	0.05	True
top_4	4	19	0.01	400	1202.0026473999023	3.0050066184997557	246	0.615	100	4.432806015014648	3.95054443359375	6	0.06	True
top_4	4	20	0.01	400	1171.3016929626465	2.928254232406616	253	0.6325	100	4.434353351593018	3.9520919799804686	6	0.06	False
top_4	4	21	0.01	400	1143.259105682373	2.8581477642059325	267	0.6675	100	4.416965007781982	3.934703369140625	7	0.07	True
top_4	4	22	0.01	400	1111.4080238342285	2.7785200595855715	277	0.6925	100	4.413316249847412	3.9310546875	7	0.07	True
top_4	4	23	0.01	400	1085.5193710327148	2.713798427581787	274	0.685	100	4.396451950073242	3.914190368652344	8	0.08	True
top_4	4	24	0.01	400	1056.2815055847168	2.640703763961792	280	0.7	100	4.385561943054199	3.90330078125	8	0.08	True
top_4	4	25	0.01	400	1027.3744010925293	2.5684360027313233	291	0.7275	100	4.368037223815918	3.885775146484375	8	0.08	True
top_4	4	26	0.01	400	1001.3893585205078	2.5034733963012696	297	0.7425	100	4.350035190582275	3.8677734375	8	0.08	True
top_4	4	27	0.01	400	978.3265380859375	2.4458163452148436	303	0.7575	100	4.3483686447143555	3.8661065673828126	9	0.09	True
top_4	4	28	0.01	400	944.1799964904785	2.3604499912261963	309	0.7725	100	4.333630084991455	3.851368408203125	9	0.09	True
top_4	4	29	0.01	400	917.7581558227539	2.2943953895568847	313	0.7825	100	4.322389602661133	3.8401278686523437	9	0.09	True
top_4	4	30	0.01	400	893.1751708984375	2.232937927246094	316	0.79	100	4.308435440063477	3.826174011230469	9	0.09	True
top_4	4	31	0.01	400	873.4979972839355	2.1837449932098387	320	0.8	100	4.300206661224365	3.8179449462890624	9	0.09	True
top_4	4	32	0.01	400	848.1608581542969	2.120402145385742	327	0.8175	100	4.275794982910156	3.7935333251953125	9	0.09	True
top_4	4	33	0.01	400	826.3226585388184	2.065806646347046	324	0.81	100	4.261345386505127	3.7790838623046876	8	0.08	True
top_4	4	34	0.01	400	799.0238990783691	1.9975597476959228	325	0.8125	100	4.249575614929199	3.7673138427734374	10	0.1	True
top_4	4	35	0.01	400	782.4498138427734	1.9561245346069336	330	0.825	100	4.244363307952881	3.76210205078125	9	0.09	True
top_4	4	36	0.01	400	753.8814849853516	1.884703712463379	338	0.845	100	4.231994152069092	3.7497323608398436	10	0.1	True
top_4	4	37	0.01	400	734.9599914550781	1.8373999786376953	341	0.8525	100	4.21785831451416	3.735596923828125	9	0.09	True
top_4	4	38	0.01	400	708.9392013549805	1.7723480033874512	349	0.8725	100	4.199976921081543	3.71771484375	10	0.1	True
top_4	4	39	0.01	400	694.3691463470459	1.7359228658676147	351	0.8775	100	4.2017645835876465	3.719503173828125	10	0.1	False
top_4	4	40	0.01	400	673.296142578125	1.6832403564453124	355	0.8875	100	4.187182903289795	3.7049212646484375	9	0.09	True
top_4	4	41	0.01	400	659.9473495483398	1.6498683738708495	363	0.9075	100	4.1749067306518555	3.692645263671875	10	0.1	True
top_4	4	42	0.01	400	643.3879928588867	1.6084699821472168	361	0.9025	100	4.171306133270264	3.6890447998046874	10	0.1	True
top_4	4	43	0.01	400	624.3219013214111	1.5608047533035279	362	0.905	100	4.157531261444092	3.675269775390625	10	0.1	True
top_4	4	44	0.01	400	609.294454574585	1.5232361364364624	366	0.915	100	4.137811660766602	3.655550231933594	11	0.11	True
top_4	4	45	0.01	400	600.1448554992676	1.500362138748169	360	0.9	100	4.138519287109375	3.6562576293945312	10	0.1	False
top_4	4	46	0.01	400	577.7700481414795	1.4444251203536986	368	0.92	100	4.134434223175049	3.6521722412109376	10	0.1	True
top_4	4	47	0.01	400	562.8887386322021	1.4072218465805053	363	0.9075	100	4.12635612487793	3.6440945434570313	8	0.08	True
top_4	4	48	0.01	400	555.1919918060303	1.3879799795150758	365	0.9125	100	4.120264053344727	3.6380023193359374	9	0.09	True
top_4	4	49	0.01	400	538.7184467315674	1.3467961168289184	368	0.92	100	4.0990471839904785	3.6167852783203127	9	0.09	True
top_4	4	50	0.01	400	525.6897888183594	1.3142244720458984	374	0.935	100	4.085518836975098	3.6032574462890623	12	0.12	True
top_4	4	51	0.01	400	520.147539138794	1.3003688478469848	372	0.93	100	4.0850443840026855	3.602783203125	12	0.12	True
top_4	4	52	0.01	400	505.63415336608887	1.2640853834152221	371	0.9275	100	4.087052345275879	3.6047906494140625	11	0.11	False
top_4	4	53	0.01	400	501.31958770751953	1.2532989692687988	376	0.94	100	4.077950954437256	3.5956890869140623	12	0.12	True
top_4	4	54	0.01	400	490.6878147125244	1.226719536781311	373	0.9325	100	4.0775322914123535	3.59527099609375	11	0.11	True
top_4	4	55	0.01	400	479.0745391845703	1.1976863479614257	374	0.935	100	4.065060138702393	3.5827984619140625	12	0.12	True
top_4	4	56	0.01	400	464.1702194213867	1.1604255485534667	376	0.94	100	4.054127216339111	3.571865234375	12	0.12	True
top_4	4	57	0.01	400	461.4765224456787	1.1536913061141967	375	0.9375	100	4.057891368865967	3.5756298828125	13	0.13	False
top_4	4	58	0.01	400	448.8869113922119	1.1222172784805298	376	0.94	100	4.049283504486084	3.567021789550781	12	0.12	True
top_4	4	59	0.01	400	443.4926929473877	1.1087317323684693	375	0.9375	100	4.038624286651611	3.5563629150390623	12	0.12	True
top_4	4	60	0.01	400	440.2446575164795	1.1006116437911988	377	0.9425	100	4.038672924041748	3.5564117431640625	13	0.13	False
top_4	4	61	0.001	400	429.10389709472656	1.0727597427368165	381	0.9525	100	4.033735275268555	3.551473388671875	12	0.12	True
top_4	4	62	0.001	400	429.75544929504395	1.0743886232376099	382	0.955	100	4.038712024688721	3.5564508056640625	14	0.14	False
top_4	4	63	0.001	400	429.84192276000977	1.0746048069000245	379	0.9475	100	4.034031867980957	3.5517703247070314	14	0.14	False
top_4	4	64	0.001	400	431.21349716186523	1.0780337429046631	382	0.955	100	4.032415866851807	3.5501544189453127	13	0.13	True
top_4	4	65	0.001	400	425.6123504638672	1.064030876159668	380	0.95	100	4.0394463539123535	3.5571844482421877	13	0.13	False
top_4	4	66	0.001	400	430.48376655578613	1.0762094163894653	380	0.95	100	4.041182994842529	3.558921203613281	13	0.13	False
top_4	4	67	0.001	400	426.9116325378418	1.0672790813446045	378	0.945	100	4.038567543029785	3.5563058471679687	13	0.13	False
top_4	4	68	0.001	400	422.0583667755127	1.0551459169387818	380	0.95	100	4.028879165649414	3.546617431640625	15	0.15	True
top_4	4	69	0.001	400	422.7906303405762	1.0569765758514404	384	0.96	100	4.033564567565918	3.551302795410156	14	0.14	False
top_4	4	70	0.001	400	420.56107330322266	1.0514026832580567	380	0.95	100	4.0304694175720215	3.5482080078125	13	0.13	False
top_4	4	71	0.001	400	418.362548828125	1.0459063720703126	379	0.9475	100	4.0267014503479	3.544439697265625	11	0.11	True
top_4	4	72	0.001	400	415.56797790527344	1.0389199447631836	380	0.95	100	4.035586357116699	3.553324890136719	12	0.12	False
top_4	4	73	0.001	400	421.0032958984375	1.0525082397460936	383	0.9575	100	4.0369791984558105	3.5547174072265624	11	0.11	False
top_4	4	74	0.001	400	424.1431999206543	1.0603579998016357	382	0.955	100	4.0323286056518555	3.5500665283203126	12	0.12	False
top_4	4	75	0.001	400	421.2931823730469	1.0532329559326172	381	0.9525	100	4.031101703643799	3.54884033203125	12	0.12	False
top_4	4	76	0.001	400	417.8367748260498	1.0445919370651244	381	0.9525	100	4.032165050506592	3.5499032592773436	12	0.12	False
top_4	4	77	0.001	400	419.34668350219727	1.048366708755493	378	0.945	100	4.034635066986084	3.5523736572265623	12	0.12	False
top_4	4	78	0.001	400	418.7889709472656	1.046972427368164	381	0.9525	100	4.0222039222717285	3.539942321777344	13	0.13	True
top_4	4	79	0.001	400	423.8326644897461	1.0595816612243651	382	0.955	100	4.02114200592041	3.538880615234375	13	0.13	True
top_4	4	80	0.001	400	415.75896072387695	1.0393974018096923	380	0.95	100	4.023244380950928	3.540982666015625	12	0.12	False
top_4	4	81	0.001	400	418.218807220459	1.0455470180511475	377	0.9425	100	4.029404163360596	3.5471426391601564	11	0.11	False
top_4	4	82	0.001	400	415.9901065826416	1.039975266456604	382	0.955	100	4.024606227874756	3.5423443603515623	13	0.13	False
top_4	4	83	0.001	400	414.13117599487305	1.0353279399871826	379	0.9475	100	4.021936416625977	3.5396746826171874	13	0.13	False
top_4	4	84	0.001	400	409.1944980621338	1.0229862451553344	381	0.9525	100	4.021897315979004	3.53963623046875	13	0.13	False
top_4	4	85	0.001	400	410.2682914733887	1.0256707286834716	383	0.9575	100	4.020546913146973	3.538285217285156	12	0.12	True
top_4	4	86	0.001	400	411.67523193359375	1.0291880798339843	384	0.96	100	4.020975589752197	3.5387139892578126	11	0.11	False
top_4	4	87	0.001	400	412.18396377563477	1.030459909439087	381	0.9525	100	4.017018795013428	3.534757080078125	12	0.12	True
top_4	4	88	0.001	400	413.04224014282227	1.0326056003570556	376	0.94	100	4.019927501678467	3.5376654052734375	12	0.12	False
top_4	4	89	0.001	400	410.76548767089844	1.0269137191772462	378	0.945	100	4.022590160369873	3.540328369140625	13	0.13	False
top_4	4	90	0.001	400	414.99172019958496	1.0374793004989624	380	0.95	100	4.020968914031982	3.538707275390625	12	0.12	False
top_4	4	91	0.001	400	410.59249114990234	1.026481227874756	381	0.9525	100	4.020849704742432	3.538587951660156	11	0.11	False
top_4	4	92	0.001	400	409.0167808532715	1.0225419521331787	378	0.945	100	4.011062145233154	3.528800354003906	13	0.13	True
top_4	4	93	0.001	400	408.1691093444824	1.0204227733612061	381	0.9525	100	4.010292053222656	3.5280303955078125	15	0.15	True
top_4	4	94	0.001	400	408.8760681152344	1.022190170288086	380	0.95	100	4.020827770233154	3.538565673828125	15	0.15	False
top_4	4	95	0.001	400	407.8143825531006	1.0195359563827515	379	0.9475	100	4.013096809387207	3.5308349609375	13	0.13	False
top_4	4	96	0.001	400	405.270902633667	1.0131772565841675	382	0.955	100	4.007538318634033	3.5252764892578123	14	0.14	True
top_4	4	97	0.001	400	401.90525817871094	1.0047631454467774	380	0.95	100	4.015332221984863	3.5330706787109376	13	0.13	False
top_4	4	98	0.001	400	401.1258239746094	1.0028145599365235	379	0.9475	100	4.010156631469727	3.527895202636719	14	0.14	False
top_4	4	99	0.001	400	402.3727226257324	1.005931806564331	380	0.95	100	4.014112949371338	3.5318511962890624	14	0.14	False
top_4	4	100	0.001	400	403.0822811126709	1.0077057027816771	384	0.96	100	4.012035846710205	3.529774169921875	14	0.14	False
top_5	5	1	0.01	400	1848.1068725585938	4.620267181396485	3	0.0075	100	4.6545209884643555	4.172259521484375	0	0.0	True
top_5	5	2	0.01	400	1805.1912384033203	4.5129780960083	11	0.0275	100	4.6600823402404785	4.177821044921875	1	0.01	False
top_5	5	3	0.01	400	1762.278663635254	4.405696659088135	30	0.075	100	4.629729747772217	4.147467956542969	1	0.01	True
top_5	5	4	0.01	400	1723.3364562988281	4.30834114074707	63	0.1575	100	4.608593463897705	4.126332092285156	2	0.02	True
top_5	5	5	0.01	400	1684.8335723876953	4.212083930969238	97	0.2425	100	4.593059062957764	4.110797424316406	2	0.02	True
top_5	5	6	0.01	400	1644.0712509155273	4.110178127288818	118	0.295	100	4.574103355407715	4.091842041015625	3	0.03	True
top_5	5	7	0.01	400	1609.5393371582031	4.023848342895508	135	0.3375	100	4.566796779632568	4.084535217285156	5	0.05	True
top_5	5	8	0.01	400	1575.3633613586426	3.9384084033966062	146	0.365	100	4.557399272918701	4.075137939453125	5	0.05	True
top_5	5	9	0.01	400	1536.461311340332	3.84115327835083	146	0.365	100	4.548954486846924	4.066692810058594	7	0.07	True
top_5	5	10	0.01	400	1501.1091041564941	3.7527727603912355	158	0.395	100	4.539206027984619	4.056944274902344	6	0.06	True
top_5	5	11	0.01	400	1467.814353942871	3.6695358848571775	174	0.435	100	4.527177810668945	4.044915771484375	7	0.07	True
top_5	5	12	0.01	400	1429.9203186035156	3.574800796508789	182	0.455	100	4.523288249969482	4.041026916503906	6	0.06	True
top_5	5	13	0.01	400	1392.9555206298828	3.482388801574707	193	0.4825	100	4.507331371307373	4.025069885253906	8	0.08	True
top_5	5	14	0.01	400	1360.8688926696777	3.4021722316741942	197	0.4925	100	4.505812168121338	4.0235507202148435	8	0.08	True
top_5	5	15	0.01	400	1330.3453750610352	3.325863437652588	193	0.4825	100	4.498687744140625	4.016426086425781	7	0.07	True
top_5	5	16	0.01	400	1293.8727836608887	3.234681959152222	213	0.5325	100	4.488851070404053	4.006589965820313	8	0.08	True
top_5	5	17	0.01	400	1265.7298965454102	3.1643247413635254	211	0.5275	100	4.477126121520996	3.994864501953125	8	0.08	True
top_5	5	18	0.01	400	1236.9018516540527	3.092254629135132	224	0.56	100	4.457404613494873	3.975142822265625	6	0.06	True
top_5	5	19	0.01	400	1197.452049255371	2.993630123138428	242	0.605	100	4.4515061378479	3.969244384765625	7	0.07	True
top_5	5	20	0.01	400	1167.1739196777344	2.917934799194336	255	0.6375	100	4.438233375549316	3.955971984863281	9	0.09	True
top_5	5	21	0.01	400	1140.0840072631836	2.850210018157959	263	0.6575	100	4.430740833282471	3.9484796142578125	7	0.07	True
top_5	5	22	0.01	400	1107.598892211914	2.768997230529785	275	0.6875	100	4.421994686126709	3.939732971191406	8	0.08	True
top_5	5	23	0.01	400	1086.6589164733887	2.7166472911834716	275	0.6875	100	4.415013313293457	3.93275146484375	7	0.07	True
top_5	5	24	0.01	400	1053.6810760498047	2.634202690124512	287	0.7175	100	4.409235954284668	3.9269744873046877	7	0.07	True
top_5	5	25	0.01	400	1026.8165283203125	2.567041320800781	307	0.7675	100	4.401268005371094	3.91900634765625	7	0.07	True
top_5	5	26	0.01	400	1000.2982788085938	2.5007456970214843	306	0.765	100	4.3929619789123535	3.910700378417969	7	0.07	True
top_5	5	27	0.01	400	974.9824485778809	2.4374561214447024	306	0.765	100	4.380007743835449	3.89774658203125	7	0.07	True
top_5	5	28	0.01	400	944.8836135864258	2.3622090339660646	316	0.79	100	4.373847484588623	3.891585693359375	8	0.08	True
top_5	5	29	0.01	400	916.0067863464355	2.290016965866089	319	0.7975	100	4.365611553192139	3.8833502197265624	7	0.07	True
top_5	5	30	0.01	400	896.0615463256836	2.240153865814209	325	0.8125	100	4.344497203826904	3.8622357177734377	7	0.07	True
top_5	5	31	0.01	400	874.0305252075195	2.185076313018799	336	0.84	100	4.330766677856445	3.8485052490234377	9	0.09	True
top_5	5	32	0.01	400	848.8316917419434	2.1220792293548585	335	0.8375	100	4.320744037628174	3.838482666015625	9	0.09	True
top_5	5	33	0.01	400	828.9833946228027	2.072458486557007	338	0.845	100	4.30804967880249	3.8257882690429685	9	0.09	True
top_5	5	34	0.01	400	799.4897174835205	1.9987242937088012	341	0.8525	100	4.2983903884887695	3.816129150390625	8	0.08	True
top_5	5	35	0.01	400	787.2352333068848	1.9680880832672119	344	0.86	100	4.287995338439941	3.805733642578125	9	0.09	True
top_5	5	36	0.01	400	756.574291229248	1.8914357280731202	351	0.8775	100	4.2701520919799805	3.7878900146484376	9	0.09	True
top_5	5	37	0.01	400	736.4215660095215	1.8410539150238037	353	0.8825	100	4.260073661804199	3.777812194824219	9	0.09	True
top_5	5	38	0.01	400	710.8813362121582	1.7772033405303955	358	0.895	100	4.257019996643066	3.7747576904296873	9	0.09	True
top_5	5	39	0.01	400	695.424129486084	1.7385603237152099	358	0.895	100	4.260887145996094	3.77862548828125	10	0.1	False
top_5	5	40	0.01	400	674.898645401001	1.6872466135025024	362	0.905	100	4.2395453453063965	3.7572833251953126	10	0.1	True
top_5	5	41	0.01	400	657.1957588195801	1.6429893970489502	361	0.9025	100	4.232234001159668	3.749972229003906	9	0.09	True
top_5	5	42	0.01	400	643.611930847168	1.60902982711792	360	0.9	100	4.233193874359131	3.7509326171875	10	0.1	False
top_5	5	43	0.01	400	622.647180557251	1.5566179513931275	362	0.905	100	4.212762355804443	3.73050048828125	11	0.11	True
top_5	5	44	0.01	400	611.2618751525879	1.5281546878814698	364	0.91	100	4.2017011642456055	3.719439697265625	13	0.13	True
top_5	5	45	0.01	400	600.3529663085938	1.5008824157714844	363	0.9075	100	4.193240165710449	3.710978698730469	11	0.11	True
top_5	5	46	0.01	400	578.8558540344238	1.4471396350860595	363	0.9075	100	4.195024490356445	3.712762756347656	13	0.13	False
top_5	5	47	0.01	400	565.0893249511719	1.4127233123779297	369	0.9225	100	4.193751335144043	3.7114898681640627	12	0.12	False
top_5	5	48	0.01	400	555.3408050537109	1.3883520126342774	368	0.92	100	4.18528938293457	3.703027648925781	14	0.14	True
top_5	5	49	0.01	400	537.6990928649902	1.3442477321624755	368	0.92	100	4.160762310028076	3.6785006713867188	15	0.15	True
top_5	5	50	0.01	400	525.8389282226562	1.3145973205566406	369	0.9225	100	4.157081604003906	3.6748199462890625	15	0.15	True
top_5	5	51	0.01	400	519.0828285217285	1.2977070713043213	373	0.9325	100	4.14561653137207	3.663354797363281	14	0.14	True
top_5	5	52	0.01	400	508.70955657958984	1.2717738914489747	370	0.925	100	4.140352725982666	3.6580911254882813	15	0.15	True
top_5	5	53	0.01	400	502.7867259979248	1.256966814994812	373	0.9325	100	4.147250652313232	3.664989318847656	15	0.15	False
top_5	5	54	0.01	400	490.62002754211426	1.2265500688552857	374	0.935	100	4.154119968414307	3.6718585205078127	13	0.13	False
top_5	5	55	0.01	400	479.1558418273926	1.1978896045684815	373	0.9325	100	4.1294121742248535	3.6471502685546877	16	0.16	True
top_5	5	56	0.01	400	465.22553634643555	1.163063840866089	374	0.935	100	4.120631217956543	3.6383697509765627	15	0.15	True
top_5	5	57	0.01	400	460.0389862060547	1.1500974655151368	375	0.9375	100	4.126955509185791	3.644693603515625	14	0.14	False
top_5	5	58	0.01	400	448.6528720855713	1.1216321802139282	378	0.945	100	4.1221089363098145	3.639847412109375	15	0.15	False
top_5	5	59	0.01	400	444.57057189941406	1.1114264297485352	377	0.9425	100	4.103213310241699	3.620951843261719	16	0.16	True
top_5	5	60	0.01	400	438.19707107543945	1.0954926776885987	377	0.9425	100	4.1052165031433105	3.6229547119140624	15	0.15	False
top_5	5	61	0.001	400	430.2976245880127	1.0757440614700318	380	0.95	100	4.1021728515625	3.619910888671875	16	0.16	True
top_5	5	62	0.001	400	430.25723457336426	1.0756430864334106	381	0.9525	100	4.106435298919678	3.624173583984375	16	0.16	False
top_5	5	63	0.001	400	429.09434700012207	1.0727358675003051	380	0.95	100	4.103917121887207	3.6216552734375	16	0.16	False
top_5	5	64	0.001	400	431.17010498046875	1.077925262451172	379	0.9475	100	4.102617263793945	3.620355224609375	16	0.16	False
top_5	5	65	0.001	400	426.0181312561035	1.0650453281402588	378	0.945	100	4.100375652313232	3.6181146240234376	16	0.16	True
top_5	5	66	0.001	400	430.1509780883789	1.0753774452209472	381	0.9525	100	4.102469444274902	3.6202078247070313	16	0.16	False
top_5	5	67	0.001	400	428.2683353424072	1.0706708383560182	375	0.9375	100	4.1019511222839355	3.6196893310546874	15	0.15	False
top_5	5	68	0.001	400	423.72369384765625	1.0593092346191406	377	0.9425	100	4.094344615936279	3.61208251953125	15	0.15	True
top_5	5	69	0.001	400	423.8243980407715	1.0595609951019287	381	0.9525	100	4.094182014465332	3.6119204711914064	15	0.15	True
top_5	5	70	0.001	400	420.50726890563965	1.051268172264099	375	0.9375	100	4.0972747802734375	3.6150131225585938	15	0.15	False
top_5	5	71	0.001	400	418.0813102722168	1.045203275680542	379	0.9475	100	4.0935163497924805	3.6112542724609376	15	0.15	True
top_5	5	72	0.001	400	416.3075256347656	1.040768814086914	380	0.95	100	4.100146293640137	3.6178851318359375	16	0.16	False
top_5	5	73	0.001	400	423.5833168029785	1.0589582920074463	379	0.9475	100	4.098814487457275	3.616552734375	15	0.15	False
top_5	5	74	0.001	400	421.6790199279785	1.0541975498199463	380	0.95	100	4.099171161651611	3.6169091796875	15	0.15	False
top_5	5	75	0.001	400	423.1122169494629	1.0577805423736573	376	0.94	100	4.094781875610352	3.612520446777344	16	0.16	False
top_5	5	76	0.001	400	418.8836326599121	1.0472090816497803	376	0.94	100	4.0918803215026855	3.6096185302734374	15	0.15	True
top_5	5	77	0.001	400	421.8639430999756	1.0546598577499389	379	0.9475	100	4.094172954559326	3.61191162109375	15	0.15	False
top_5	5	78	0.001	400	422.6971015930176	1.056742753982544	379	0.9475	100	4.0870361328125	3.604774169921875	15	0.15	True
top_5	5	79	0.001	400	424.7124443054199	1.0617811107635498	379	0.9475	100	4.086759090423584	3.6044976806640623	16	0.16	True
top_5	5	80	0.001	400	417.0162010192871	1.0425405025482177	379	0.9475	100	4.085161209106445	3.602899475097656	16	0.16	True
top_5	5	81	0.001	400	419.59480476379395	1.0489870119094848	379	0.9475	100	4.088784217834473	3.606522521972656	16	0.16	False
top_5	5	82	0.001	400	417.753942489624	1.04438485622406	379	0.9475	100	4.085105895996094	3.60284423828125	16	0.16	True
top_5	5	83	0.001	400	412.3572120666504	1.030893030166626	380	0.95	100	4.085565090179443	3.60330322265625	16	0.16	False
top_5	5	84	0.001	400	411.65676498413086	1.0291419124603272	382	0.955	100	4.088714599609375	3.60645263671875	16	0.16	False
top_5	5	85	0.001	400	411.5573081970215	1.0288932704925537	380	0.95	100	4.085169792175293	3.60290771484375	15	0.15	False
top_5	5	86	0.001	400	411.68041801452637	1.0292010450363158	378	0.945	100	4.086015701293945	3.6037542724609377	15	0.15	False
top_5	5	87	0.001	400	412.19371604919434	1.0304842901229858	379	0.9475	100	4.077699661254883	3.595438232421875	15	0.15	True
top_5	5	88	0.001	400	415.92554473876953	1.039813861846924	379	0.9475	100	4.077233791351318	3.5949722290039063	15	0.15	True
top_5	5	89	0.001	400	411.84461402893066	1.0296115350723267	381	0.9525	100	4.07884407043457	3.596582336425781	16	0.16	False
top_5	5	90	0.001	400	415.9189052581787	1.0397972631454468	377	0.9425	100	4.078647136688232	3.596385498046875	16	0.16	False
top_5	5	91	0.001	400	412.14963722229004	1.030374093055725	381	0.9525	100	4.078824996948242	3.5965631103515623	15	0.15	False
top_5	5	92	0.001	400	412.0177230834961	1.0300443077087402	377	0.9425	100	4.07607889175415	3.5938174438476564	15	0.15	True
top_5	5	93	0.001	400	410.82233810424805	1.0270558452606202	379	0.9475	100	4.074498176574707	3.5922366333007814	15	0.15	True
top_5	5	94	0.001	400	409.9391975402832	1.024847993850708	380	0.95	100	4.083209991455078	3.600948486328125	17	0.17	False
top_5	5	95	0.001	400	406.35602378845215	1.0158900594711304	379	0.9475	100	4.076095104217529	3.5938336181640627	16	0.16	False
top_5	5	96	0.001	400	405.06580352783203	1.01266450881958	380	0.95	100	4.07863712310791	3.596375732421875	16	0.16	False
top_5	5	97	0.001	400	401.7645778656006	1.0044114446640016	380	0.95	100	4.081699848175049	3.5994384765625	16	0.16	False
top_5	5	98	0.001	400	401.77502059936523	1.0044375514984132	377	0.9425	100	4.078955173492432	3.5966937255859377	16	0.16	False
top_5	5	99	0.001	400	403.88038063049316	1.009700951576233	379	0.9475	100	4.086540222167969	3.604278564453125	16	0.16	False
top_5	5	100	0.001	400	403.7421875	1.00935546875	384	0.96	100	4.083736419677734	3.6014752197265625	16	0.16	False
top_6	6	1	0.01	400	1858.0815124511719	4.64520378112793	4	0.01	100	4.640586853027344	4.1583251953125	0	0.0	True
top_6	6	2	0.01	400	1805.981330871582	4.514953327178955	14	0.035	100	4.6322245597839355	4.149962768554688	2	0.02	True
top_6	6	3	0.01	400	1756.0175094604492	4.390043773651123	39	0.0975	100	4.615622520446777	4.133361206054688	2	0.02	True
top_6	6	4	0.01	400	1717.1059112548828	4.292764778137207	71	0.1775	100	4.614713668823242	4.132452087402344	1	0.01	True
top_6	6	5	0.01	400	1668.7125549316406	4.171781387329101	114	0.285	100	4.607431411743164	4.125169677734375	2	0.02	True
top_6	6	6	0.01	400	1621.3949737548828	4.053487434387207	150	0.375	100	4.598240852355957	4.115979614257813	2	0.02	True
top_6	6	7	0.01	400	1587.2927551269531	3.968231887817383	151	0.3775	100	4.594198226928711	4.111936645507813	2	0.02	True
top_6	6	8	0.01	400	1545.9230308532715	3.864807577133179	173	0.4325	100	4.592207431793213	4.1099462890625	2	0.02	True
top_6	6	9	0.01	400	1501.4118728637695	3.753529682159424	206	0.515	100	4.5815324783325195	4.099270935058594	2	0.02	True
top_6	6	10	0.01	400	1462.3463249206543	3.6558658123016357	212	0.53	100	4.5729594230651855	4.090697631835938	2	0.02	True
top_6	6	11	0.01	400	1429.9503479003906	3.5748758697509766	223	0.5575	100	4.5659565925598145	4.083695068359375	3	0.03	True
top_6	6	12	0.01	400	1390.5534286499023	3.4763835716247558	229	0.5725	100	4.564774513244629	4.082513122558594	3	0.03	True
top_6	6	13	0.01	400	1351.71728515625	3.379293212890625	239	0.5975	100	4.555322647094727	4.073060913085937	3	0.03	True
top_6	6	14	0.01	400	1323.4888610839844	3.308722152709961	235	0.5875	100	4.549100399017334	4.06683837890625	3	0.03	True
top_6	6	15	0.01	400	1286.3829765319824	3.215957441329956	248	0.62	100	4.5479416847229	4.065679931640625	3	0.03	True
top_6	6	16	0.01	400	1248.2087631225586	3.1205219078063964	256	0.64	100	4.53968620300293	4.05742431640625	3	0.03	True
top_6	6	17	0.01	400	1221.0435638427734	3.0526089096069335	264	0.66	100	4.530264377593994	4.0480029296875	3	0.03	True
top_6	6	18	0.01	400	1189.146583557129	2.972866458892822	264	0.66	100	4.519539833068848	4.037278442382813	3	0.03	True
top_6	6	19	0.01	400	1151.5639152526855	2.878909788131714	288	0.72	100	4.505758762359619	4.023497314453125	4	0.04	True
top_6	6	20	0.01	400	1120.1242218017578	2.8003105545043945	290	0.725	100	4.502198219299316	4.0199365234375	4	0.04	True
top_6	6	21	0.01	400	1091.9040985107422	2.7297602462768555	303	0.7575	100	4.49019193649292	4.007930297851562	5	0.05	True
top_6	6	22	0.01	400	1060.6023330688477	2.651505832672119	318	0.795	100	4.489674091339111	4.007412719726562	4	0.04	True
top_6	6	23	0.01	400	1041.1943626403809	2.602985906600952	312	0.78	100	4.478804111480713	3.9965423583984374	5	0.05	True
top_6	6	24	0.01	400	1003.8475646972656	2.509618911743164	327	0.8175	100	4.473221302032471	3.9909600830078125	5	0.05	True
top_6	6	25	0.01	400	976.5621223449707	2.4414053058624265	330	0.825	100	4.457905292510986	3.975643310546875	5	0.05	True
top_6	6	26	0.01	400	948.9723892211914	2.3724309730529787	339	0.8475	100	4.445957660675049	3.9636962890625	6	0.06	True
top_6	6	27	0.01	400	923.3564224243164	2.308391056060791	339	0.8475	100	4.435948371887207	3.9536868286132814	5	0.05	True
top_6	6	28	0.01	400	895.9908561706543	2.2399771404266358	346	0.865	100	4.430964946746826	3.9487030029296877	6	0.06	True
top_6	6	29	0.01	400	868.8984680175781	2.1722461700439455	343	0.8575	100	4.4240570068359375	3.941795654296875	6	0.06	True
top_6	6	30	0.01	400	846.1830978393555	2.115457744598389	349	0.8725	100	4.4033308029174805	3.9210687255859376	5	0.05	True
top_6	6	31	0.01	400	823.3038902282715	2.0582597255706787	355	0.8875	100	4.394396781921387	3.9121353149414064	6	0.06	True
top_6	6	32	0.01	400	800.2453098297119	2.0006132745742797	352	0.88	100	4.381837368011475	3.8995758056640626	6	0.06	True
top_6	6	33	0.01	400	783.2783889770508	1.958195972442627	352	0.88	100	4.365564346313477	3.8833026123046874	7	0.07	True
top_6	6	34	0.01	400	755.4322776794434	1.8885806941986083	357	0.8925	100	4.357358455657959	3.875096435546875	7	0.07	True
top_6	6	35	0.01	400	742.3070297241211	1.8557675743103028	358	0.895	100	4.350149631500244	3.8678878784179687	7	0.07	True
top_6	6	36	0.01	400	713.8227691650391	1.7845569229125977	362	0.905	100	4.339015007019043	3.8567529296875	7	0.07	True
top_6	6	37	0.01	400	691.4187088012695	1.7285467720031737	363	0.9075	100	4.329714298248291	3.8474526977539063	7	0.07	True
top_6	6	38	0.01	400	668.5841865539551	1.6714604663848878	365	0.9125	100	4.32197380065918	3.8397125244140624	6	0.06	True
top_6	6	39	0.01	400	654.9194793701172	1.637298698425293	364	0.91	100	4.318034648895264	3.835772705078125	6	0.06	True
top_6	6	40	0.01	400	634.2792682647705	1.5856981706619262	367	0.9175	100	4.2992424964904785	3.8169805908203127	7	0.07	True
top_6	6	41	0.01	400	617.149055480957	1.5428726387023926	373	0.9325	100	4.293231010437012	3.8109695434570314	6	0.06	True
top_6	6	42	0.01	400	601.5075454711914	1.5037688636779785	370	0.925	100	4.296316146850586	3.8140545654296876	6	0.06	False
top_6	6	43	0.01	400	586.2230834960938	1.4655577087402343	372	0.93	100	4.280976295471191	3.798714599609375	6	0.06	True
top_6	6	44	0.01	400	573.4299259185791	1.4335748147964478	371	0.9275	100	4.2762861251831055	3.7940243530273436	6	0.06	True
top_6	6	45	0.01	400	566.6797752380371	1.4166994380950928	374	0.935	100	4.266524314880371	3.7842626953125	6	0.06	True
top_6	6	46	0.01	400	542.7130146026611	1.3567825365066528	372	0.93	100	4.256306171417236	3.7740447998046873	6	0.06	True
top_6	6	47	0.01	400	530.9547309875488	1.327386827468872	376	0.94	100	4.241441249847412	3.7591796875	6	0.06	True
top_6	6	48	0.01	400	524.628662109375	1.3115716552734376	379	0.9475	100	4.233728408813477	3.7514666748046874	7	0.07	True
top_6	6	49	0.01	400	507.563419342041	1.2689085483551026	380	0.95	100	4.223769664764404	3.7415081787109377	8	0.08	True
top_6	6	50	0.01	400	494.879638671875	1.2371990966796875	378	0.945	100	4.210595607757568	3.7283340454101563	10	0.1	True
top_6	6	51	0.01	400	491.41746520996094	1.2285436630249023	383	0.9575	100	4.194946765899658	3.712685241699219	10	0.1	True
top_6	6	52	0.01	400	479.74452209472656	1.1993613052368164	374	0.935	100	4.1925201416015625	3.7102587890625	10	0.1	True
top_6	6	53	0.01	400	477.93810081481934	1.1948452520370483	382	0.955	100	4.199933052062988	3.7176715087890626	9	0.09	False
top_6	6	54	0.01	400	464.5361385345459	1.1613403463363647	381	0.9525	100	4.194654941558838	3.712393798828125	7	0.07	False
top_6	6	55	0.01	400	450.73962020874023	1.1268490505218507	384	0.96	100	4.177764415740967	3.6955029296875	9	0.09	True
top_6	6	56	0.01	400	442.3805160522461	1.1059512901306152	377	0.9425	100	4.163670539855957	3.68140869140625	10	0.1	True
top_6	6	57	0.01	400	435.72035026550293	1.0893008756637572	383	0.9575	100	4.1586408615112305	3.67637939453125	9	0.09	True
top_6	6	58	0.01	400	426.46101570129395	1.066152539253235	377	0.9425	100	4.15818452835083	3.6759234619140626	11	0.11	True
top_6	6	59	0.01	400	421.4622116088867	1.0536555290222167	382	0.955	100	4.145479202270508	3.6632177734375	10	0.1	True
top_6	6	60	0.01	400	417.54036712646484	1.0438509178161621	381	0.9525	100	4.14703369140625	3.664771728515625	10	0.1	False
top_6	6	61	0.001	400	409.8389072418213	1.0245972681045532	381	0.9525	100	4.140840530395508	3.6585787963867187	9	0.09	True
top_6	6	62	0.001	400	409.86973762512207	1.0246743440628052	382	0.955	100	4.151906967163086	3.6696453857421876	11	0.11	False
top_6	6	63	0.001	400	407.41370964050293	1.0185342741012573	382	0.955	100	4.139823913574219	3.657562255859375	10	0.1	True
top_6	6	64	0.001	400	408.02670097351074	1.0200667524337768	385	0.9625	100	4.139144420623779	3.65688232421875	10	0.1	True
top_6	6	65	0.001	400	405.86246490478516	1.014656162261963	382	0.955	100	4.14555025100708	3.66328857421875	10	0.1	False
top_6	6	66	0.001	400	408.9775981903076	1.0224439954757691	382	0.955	100	4.150308609008789	3.668046875	10	0.1	False
top_6	6	67	0.001	400	408.63086318969727	1.0215771579742432	384	0.96	100	4.15081787109375	3.6685565185546873	9	0.09	False
top_6	6	68	0.001	400	402.64854431152344	1.0066213607788086	379	0.9475	100	4.1390252113342285	3.6567633056640627	10	0.1	True
top_6	6	69	0.001	400	403.1229476928711	1.0078073692321778	383	0.9575	100	4.136721611022949	3.6544598388671874	11	0.11	True
top_6	6	70	0.001	400	401.13825607299805	1.0028456401824952	381	0.9525	100	4.135364055633545	3.6531027221679686	11	0.11	True
top_6	6	71	0.001	400	397.8389663696289	0.9945974159240722	381	0.9525	100	4.129902362823486	3.647640380859375	10	0.1	True
top_6	6	72	0.001	400	395.88367080688477	0.989709177017212	384	0.96	100	4.143551349639893	3.661290283203125	11	0.11	False
top_6	6	73	0.001	400	401.61874771118164	1.004046869277954	382	0.955	100	4.142472267150879	3.6602108764648436	11	0.11	False
top_6	6	74	0.001	400	403.8521537780762	1.0096303844451904	381	0.9525	100	4.139094352722168	3.6568328857421877	11	0.11	False
top_6	6	75	0.001	400	401.9536323547363	1.004884080886841	381	0.9525	100	4.143046855926514	3.6607855224609374	11	0.11	False
top_6	6	76	0.001	400	399.6735496520996	0.999183874130249	382	0.955	100	4.13236141204834	3.6500994873046877	10	0.1	False
top_6	6	77	0.001	400	400.6708526611328	1.0016771316528321	382	0.955	100	4.139880657196045	3.6576193237304686	10	0.1	False
top_6	6	78	0.001	400	401.0279541015625	1.0025698852539062	383	0.9575	100	4.137039661407471	3.65477783203125	10	0.1	False
top_6	6	79	0.001	400	406.06917572021484	1.015172939300537	383	0.9575	100	4.138802528381348	3.6565411376953123	11	0.11	False
top_6	6	80	0.001	400	398.4675579071045	0.9961688947677613	379	0.9475	100	4.130857944488525	3.64859619140625	11	0.11	False
top_6	6	81	0.001	400	399.36760330200195	0.9984190082550048	382	0.955	100	4.14443826675415	3.662176208496094	12	0.12	False
top_6	6	82	0.001	400	398.3788185119629	0.9959470462799073	382	0.955	100	4.140723705291748	3.6584622192382814	11	0.11	False
top_6	6	83	0.001	400	393.035924911499	0.9825898122787475	383	0.9575	100	4.1367902755737305	3.6545285034179686	10	0.1	False
top_6	6	84	0.001	400	390.9910373687744	0.9774775934219361	383	0.9575	100	4.141261100769043	3.658999328613281	11	0.11	False
top_6	6	85	0.001	400	391.6181240081787	0.9790453100204468	386	0.965	100	4.136874675750732	3.654613037109375	10	0.1	False
top_6	6	86	0.001	400	392.09007263183594	0.9802251815795898	383	0.9575	100	4.131793022155762	3.64953125	9	0.09	False
top_6	6	87	0.001	400	393.93717193603516	0.9848429298400879	382	0.955	100	4.127708435058594	3.645447082519531	10	0.1	True
top_6	6	88	0.001	400	396.06207275390625	0.9901551818847656	382	0.955	100	4.129115104675293	3.646853332519531	12	0.12	False
top_6	6	89	0.001	400	392.5131149291992	0.981282787322998	384	0.96	100	4.125122547149658	3.6428607177734373	10	0.1	True
top_6	6	90	0.001	400	395.4044780731201	0.9885111951828003	380	0.95	100	4.124024391174316	3.6417626953125	11	0.11	True
top_6	6	91	0.001	400	392.9743957519531	0.9824359893798829	382	0.955	100	4.131893634796143	3.6496319580078125	10	0.1	False
top_6	6	92	0.001	400	394.6832847595215	0.9867082118988038	382	0.955	100	4.1292924880981445	3.6470306396484373	10	0.1	False
top_6	6	93	0.001	400	391.075927734375	0.9776898193359375	383	0.9575	100	4.125412464141846	3.643150634765625	11	0.11	False
top_6	6	94	0.001	400	390.29486083984375	0.9757371520996094	381	0.9525	100	4.1303300857543945	3.6480682373046873	11	0.11	False
top_6	6	95	0.001	400	389.012845993042	0.972532114982605	381	0.9525	100	4.119490146636963	3.6372283935546874	11	0.11	True
top_6	6	96	0.001	400	387.92148208618164	0.9698037052154541	383	0.9575	100	4.1187744140625	3.6365130615234373	12	0.12	True
top_6	6	97	0.001	400	382.8734760284424	0.9571836900711059	385	0.9625	100	4.129741191864014	3.647479248046875	11	0.11	False
top_6	6	98	0.001	400	383.253812789917	0.9581345319747925	385	0.9625	100	4.1259989738464355	3.6437371826171874	11	0.11	False
top_6	6	99	0.001	400	384.0390090942383	0.9600975227355957	385	0.9625	100	4.129866123199463	3.6476043701171874	11	0.11	False
top_6	6	100	0.001	400	387.74386405944824	0.9693596601486206	385	0.9625	100	4.119836330413818	3.6375750732421874	11	0.11	False
top_7	7	1	0.01	400	1856.8810424804688	4.642202606201172	2	0.005	100	4.649021148681641	4.166759033203125	0	0.0	True
top_7	7	2	0.01	400	1810.2012329101562	4.5255030822753906	18	0.045	100	4.641826152801514	4.159564819335937	1	0.01	True
top_7	7	3	0.01	400	1763.864601135254	4.4096615028381345	35	0.0875	100	4.621029853820801	4.138768310546875	2	0.02	True
top_7	7	4	0.01	400	1726.975814819336	4.31743953704834	73	0.1825	100	4.611270427703857	4.1290087890625	3	0.03	True
top_7	7	5	0.01	400	1685.7037506103516	4.214259376525879	110	0.275	100	4.6017842292785645	4.119522705078125	3	0.03	True
top_7	7	6	0.01	400	1638.9198608398438	4.0972996520996094	140	0.35	100	4.594733238220215	4.112471923828125	3	0.03	True
top_7	7	7	0.01	400	1606.619239807129	4.016548099517823	141	0.3525	100	4.588586330413818	4.106324768066406	3	0.03	True
top_7	7	8	0.01	400	1566.2311363220215	3.915577840805054	157	0.3925	100	4.589421272277832	4.107160034179688	3	0.03	False
top_7	7	9	0.01	400	1525.8508071899414	3.8146270179748534	170	0.425	100	4.583831310272217	4.10156982421875	3	0.03	True
top_7	7	10	0.01	400	1490.0475807189941	3.7251189517974854	188	0.47	100	4.566121578216553	4.08385986328125	2	0.02	True
top_7	7	11	0.01	400	1455.8365783691406	3.6395914459228518	189	0.4725	100	4.566741466522217	4.084479675292969	3	0.03	False
top_7	7	12	0.01	400	1415.8547821044922	3.5396369552612303	203	0.5075	100	4.5624213218688965	4.080159301757813	3	0.03	True
top_7	7	13	0.01	400	1382.3335723876953	3.4558339309692383	210	0.525	100	4.554121017456055	4.071859130859375	4	0.04	True
top_7	7	14	0.01	400	1351.1726837158203	3.377931709289551	215	0.5375	100	4.549799919128418	4.067537841796875	4	0.04	True
top_7	7	15	0.01	400	1316.7882080078125	3.291970520019531	221	0.5525	100	4.546658039093018	4.064396667480469	4	0.04	True
top_7	7	16	0.01	400	1277.9750366210938	3.1949375915527343	243	0.6075	100	4.543519496917725	4.061257934570312	5	0.05	True
top_7	7	17	0.01	400	1253.2098655700684	3.133024663925171	233	0.5825	100	4.532660484313965	4.050398559570312	6	0.06	True
top_7	7	18	0.01	400	1224.7118835449219	3.061779708862305	243	0.6075	100	4.517040729522705	4.034779357910156	4	0.04	True
top_7	7	19	0.01	400	1186.2467231750488	2.965616807937622	270	0.675	100	4.512199878692627	4.029938354492187	4	0.04	True
top_7	7	20	0.01	400	1158.7193489074707	2.8967983722686768	278	0.695	100	4.510385990142822	4.0281240844726565	5	0.05	True
top_7	7	21	0.01	400	1129.7536926269531	2.824384231567383	289	0.7225	100	4.499050140380859	4.016788940429688	5	0.05	True
top_7	7	22	0.01	400	1101.3864784240723	2.7534661960601805	299	0.7475	100	4.488086700439453	4.0058251953125	6	0.06	True
top_7	7	23	0.01	400	1079.764259338379	2.6994106483459475	296	0.74	100	4.477145195007324	3.994883728027344	6	0.06	True
top_7	7	24	0.01	400	1044.6291580200195	2.611572895050049	314	0.785	100	4.471007823944092	3.9887460327148436	8	0.08	True
top_7	7	25	0.01	400	1017.130199432373	2.5428254985809327	324	0.81	100	4.459349155426025	3.97708740234375	7	0.07	True
top_7	7	26	0.01	400	990.1708030700684	2.475427007675171	327	0.8175	100	4.438330173492432	3.956068420410156	8	0.08	True
top_7	7	27	0.01	400	964.1400680541992	2.410350170135498	334	0.835	100	4.434909343719482	3.952648010253906	7	0.07	True
top_7	7	28	0.01	400	938.5844345092773	2.346461086273193	330	0.825	100	4.424905300140381	3.942643737792969	7	0.07	True
top_7	7	29	0.01	400	909.7073669433594	2.2742684173583982	343	0.8575	100	4.413652420043945	3.9313916015625	7	0.07	True
top_7	7	30	0.01	400	889.9496917724609	2.2248742294311525	339	0.8475	100	4.4041290283203125	3.9218673706054688	7	0.07	True
top_7	7	31	0.01	400	863.6770248413086	2.1591925621032715	343	0.8575	100	4.394590377807617	3.912328796386719	6	0.06	True
top_7	7	32	0.01	400	841.4030685424805	2.1035076713562013	344	0.86	100	4.376520156860352	3.894258728027344	7	0.07	True
top_7	7	33	0.01	400	826.4377746582031	2.066094436645508	348	0.87	100	4.3610520362854	3.878790283203125	7	0.07	True
top_7	7	34	0.01	400	796.2577362060547	1.9906443405151366	347	0.8675	100	4.348879814147949	3.8666180419921874	7	0.07	True
top_7	7	35	0.01	400	783.9270401000977	1.959817600250244	354	0.885	100	4.345999240875244	3.86373779296875	7	0.07	True
top_7	7	36	0.01	400	752.551513671875	1.8813787841796874	356	0.89	100	4.33209753036499	3.8498358154296874	7	0.07	True
top_7	7	37	0.01	400	729.4090347290039	1.8235225868225098	360	0.9	100	4.32333517074585	3.8410736083984376	6	0.06	True
top_7	7	38	0.01	400	707.2123031616211	1.7680307579040528	359	0.8975	100	4.316504955291748	3.8342437744140625	7	0.07	True
top_7	7	39	0.01	400	691.4881553649902	1.7287203884124756	360	0.9	100	4.316267490386963	3.8340057373046874	6	0.06	True
top_7	7	40	0.01	400	673.589017868042	1.683972544670105	362	0.905	100	4.292482852935791	3.8102215576171874	6	0.06	True
top_7	7	41	0.01	400	654.129337310791	1.6353233432769776	362	0.905	100	4.276642322540283	3.794380798339844	7	0.07	True
top_7	7	42	0.01	400	638.4553489685059	1.5961383724212646	365	0.9125	100	4.28150749206543	3.79924560546875	7	0.07	False
top_7	7	43	0.01	400	619.9797668457031	1.5499494171142578	366	0.915	100	4.27594518661499	3.7936834716796874	6	0.06	True
top_7	7	44	0.01	400	604.3677635192871	1.5109194087982178	365	0.9125	100	4.2755818367004395	3.7933203125	7	0.07	True
top_7	7	45	0.01	400	598.5469360351562	1.4963673400878905	364	0.91	100	4.261164665222168	3.778902587890625	6	0.06	True
top_7	7	46	0.01	400	574.2044048309326	1.4355110120773316	368	0.92	100	4.249012470245361	3.76675048828125	6	0.06	True
top_7	7	47	0.01	400	559.0960521697998	1.3977401304244994	372	0.93	100	4.239779949188232	3.7575189208984376	6	0.06	True
top_7	7	48	0.01	400	553.82373046875	1.384559326171875	372	0.93	100	4.224140644073486	3.7418789672851562	6	0.06	True
top_7	7	49	0.01	400	536.9374713897705	1.3423436784744263	374	0.935	100	4.205629825592041	3.7233685302734374	7	0.07	True
top_7	7	50	0.01	400	521.9749908447266	1.3049374771118165	375	0.9375	100	4.20081901550293	3.71855712890625	7	0.07	True
top_7	7	51	0.01	400	516.8745918273926	1.2921864795684814	372	0.93	100	4.199887752532959	3.7176263427734373	8	0.08	True
top_7	7	52	0.01	400	504.60155296325684	1.2615038824081422	369	0.9225	100	4.186919689178467	3.7046578979492186	7	0.07	True
top_7	7	53	0.01	400	501.8560905456543	1.2546402263641356	379	0.9475	100	4.1895856857299805	3.70732421875	6	0.06	False
top_7	7	54	0.01	400	486.8741569519043	1.2171853923797606	376	0.94	100	4.209750175476074	3.7274884033203124	6	0.06	False
top_7	7	55	0.01	400	474.328369140625	1.1858209228515626	382	0.955	100	4.188864707946777	3.706602783203125	5	0.05	False
top_7	7	56	0.01	400	462.6673755645752	1.156668438911438	377	0.9425	100	4.174409866333008	3.6921478271484376	6	0.06	True
top_7	7	57	0.01	400	456.5786190032959	1.1414465475082398	378	0.945	100	4.164586544036865	3.6823248291015624	5	0.05	True
top_7	7	58	0.01	400	447.09460639953613	1.1177365159988404	378	0.945	100	4.161520481109619	3.679259033203125	6	0.06	True
top_7	7	59	0.01	400	441.688081741333	1.1042202043533325	377	0.9425	100	4.159682273864746	3.677420654296875	6	0.06	True
top_7	7	60	0.01	400	437.236270904541	1.0930906772613525	380	0.95	100	4.1575927734375	3.6753311157226562	5	0.05	True
top_7	7	61	0.001	400	425.91332054138184	1.0647833013534547	382	0.955	100	4.147878646850586	3.6656170654296876	5	0.05	True
top_7	7	62	0.001	400	426.89237213134766	1.0672309303283691	382	0.955	100	4.155122756958008	3.6728610229492187	8	0.08	False
top_7	7	63	0.001	400	423.20648860931396	1.058016221523285	383	0.9575	100	4.143069267272949	3.6608074951171874	9	0.09	True
top_7	7	64	0.001	400	425.1221122741699	1.062805280685425	383	0.9575	100	4.140930652618408	3.6586688232421873	7	0.07	True
top_7	7	65	0.001	400	422.09817123413086	1.0552454280853272	383	0.9575	100	4.153491497039795	3.6712301635742186	6	0.06	False
top_7	7	66	0.001	400	426.0428352355957	1.0651070880889892	382	0.955	100	4.157268047332764	3.6750067138671874	7	0.07	False
top_7	7	67	0.001	400	427.3959140777588	1.068489785194397	383	0.9575	100	4.161518096923828	3.679256591796875	5	0.05	False
top_7	7	68	0.001	400	420.2348937988281	1.0505872344970704	381	0.9525	100	4.148005485534668	3.6657440185546877	7	0.07	False
top_7	7	69	0.001	400	421.293643951416	1.05323410987854	384	0.96	100	4.14457368850708	3.662312316894531	8	0.08	False
top_7	7	70	0.001	400	419.12332916259766	1.047808322906494	379	0.9475	100	4.143174171447754	3.6609124755859375	7	0.07	False
top_7	7	71	0.001	400	413.7272434234619	1.0343181085586548	382	0.955	100	4.1403117179870605	3.6580499267578124	7	0.07	True
top_7	7	72	0.001	400	411.668270111084	1.02917067527771	381	0.9525	100	4.152883529663086	3.6706219482421876	5	0.05	False
top_7	7	73	0.001	400	419.4208793640137	1.048552198410034	382	0.955	100	4.153685092926025	3.67142333984375	9	0.09	False
top_7	7	74	0.001	400	419.15441513061523	1.047886037826538	380	0.95	100	4.150110244750977	3.6678485107421874	7	0.07	False
top_7	7	75	0.001	400	418.3046684265137	1.0457616710662843	379	0.9475	100	4.1524338722229	3.670172119140625	7	0.07	False
top_7	7	76	0.001	400	415.42520904541016	1.0385630226135254	381	0.9525	100	4.143154144287109	3.6608926391601564	8	0.08	False
top_7	7	77	0.001	400	417.3050365447998	1.0432625913619995	381	0.9525	100	4.151649475097656	3.6693878173828125	8	0.08	False
top_7	7	78	0.001	400	416.0968475341797	1.0402421188354491	383	0.9575	100	4.147976398468018	3.6657150268554686	5	0.05	False
top_7	7	79	0.001	400	422.21435546875	1.055535888671875	380	0.95	100	4.141770362854004	3.6595086669921875	7	0.07	False
top_7	7	80	0.001	400	413.6166019439697	1.0340415048599243	378	0.945	100	4.137482643127441	3.655221252441406	7	0.07	True
top_7	7	81	0.001	400	416.9309883117676	1.042327470779419	382	0.955	100	4.150353908538818	3.6680923461914063	8	0.08	False
top_7	7	82	0.001	400	415.7185935974121	1.0392964839935304	382	0.955	100	4.149794101715088	3.6675323486328124	8	0.08	False
top_7	7	83	0.001	400	409.7120666503906	1.0242801666259767	384	0.96	100	4.147605895996094	3.6653448486328126	8	0.08	False
top_7	7	84	0.001	400	406.74478340148926	1.016861958503723	382	0.955	100	4.1501874923706055	3.6679254150390626	7	0.07	False
top_7	7	85	0.001	400	407.22357749938965	1.0180589437484742	384	0.96	100	4.141412734985352	3.659151306152344	8	0.08	False
top_7	7	86	0.001	400	408.6116189956665	1.0215290474891663	385	0.9625	100	4.14191198348999	3.6596499633789064	7	0.07	False
top_7	7	87	0.001	400	407.9848213195801	1.0199620532989502	379	0.9475	100	4.138949394226074	3.6566876220703124	9	0.09	False
top_7	7	88	0.001	400	412.3365364074707	1.0308413410186767	380	0.95	100	4.143599033355713	3.6613372802734374	8	0.08	False
top_7	7	89	0.001	400	406.9093132019043	1.0172732830047608	378	0.945	100	4.1419854164123535	3.659723815917969	8	0.08	False
top_7	7	90	0.001	400	411.76323413848877	1.029408085346222	380	0.95	100	4.135319232940674	3.6530572509765626	8	0.08	True
top_7	7	91	0.001	400	407.67442893981934	1.0191860723495483	381	0.9525	100	4.137119293212891	3.6548577880859376	8	0.08	False
top_7	7	92	0.001	400	410.58619499206543	1.0264654874801635	380	0.95	100	4.132511615753174	3.6502496337890626	8	0.08	True
top_7	7	93	0.001	400	407.47103118896484	1.0186775779724122	381	0.9525	100	4.124411582946777	3.642149658203125	9	0.09	True
top_7	7	94	0.001	400	404.5783166885376	1.011445791721344	382	0.955	100	4.1329026222229	3.650640869140625	9	0.09	False
top_7	7	95	0.001	400	403.4889793395996	1.008722448348999	382	0.955	100	4.13063907623291	3.6483773803710937	8	0.08	False
top_7	7	96	0.001	400	402.42649841308594	1.0060662460327148	382	0.955	100	4.131378173828125	3.6491168212890623	8	0.08	False
top_7	7	97	0.001	400	396.86163330078125	0.9921540832519531	386	0.965	100	4.142824172973633	3.660562744140625	8	0.08	False
top_7	7	98	0.001	400	397.16152572631836	0.9929038143157959	383	0.9575	100	4.133500099182129	3.651239013671875	8	0.08	False
top_7	7	99	0.001	400	398.1291160583496	0.995322790145874	383	0.9575	100	4.13745641708374	3.6551947021484374	8	0.08	False
top_7	7	100	0.001	400	401.35939025878906	1.0033984756469727	383	0.9575	100	4.132877349853516	3.6506158447265626	8	0.08	False
