seed	block	stage	block_index	variant	public_state_names	public_param_count	candidate_conv1	soft_ce	posterior_kl	fidelity	prediction_entropy	feature_rms	feature_l2	logit_rms	kl_minus_victim
43	layer1.0	1	0	conv1_weight	layer1.0.conv1.weight	36864	True	0.7273396301269531	0.20080146789550782	0.84	0.7886868286132812	0.6371435627514918	14.33584228515625	2.8627738679032966	0.20080137560376898
43	layer1.0	1	0	bn1_gamma	layer1.0.bn1.weight	64	True	0.5688182830810546	0.04228015422821045	0.98	0.5915493774414062	0.6792345945249064	15.263729248046875	3.1006743218209807	0.042280061936471616
43	layer1.0	1	0	conv1_weight_bn1_gamma	layer1.0.conv1.weight,layer1.0.bn1.weight	36928	True	0.7992343139648438	0.27269620895385743	0.8	0.8429878234863282	0.6521309767148128	14.66712158203125	2.944601256961628	0.27269611666211857
43	layer1.0	1	0	conv2_weight	layer1.0.conv2.weight	36864	True	0.9388760375976563	0.41233795166015624	0.74	0.8528439331054688	0.6767234276077225	15.205408935546876	3.0474207844503525	0.4123378593684174
43	layer1.0	1	0	bn2_gamma	layer1.0.bn2.weight	64	True	0.5617695617675781	0.035231432914733886	0.95	0.5870336532592774	0.6749758680762976	15.162340087890625	3.092789244759494	0.03523134062299505
43	layer1.0	1	0	conv2_weight_bn2_gamma	layer1.0.conv2.weight,layer1.0.bn2.weight	36928	True	7.159168090820312	6.63262939453125	0.21	0.8891572570800781	0.8243847951820459	18.29705810546875	3.284165133637467	6.632629302239511
43	layer1.1	1	1	conv1_weight	layer1.1.conv1.weight	36864	True	0.8257640075683593	0.299225902557373	0.83	0.8783884429931641	0.6562754017591255	14.748768310546875	2.93944722694591	0.29922581026563416
43	layer1.1	1	1	bn1_gamma	layer1.1.bn1.weight	64	True	0.5380855178833008	0.011547393798828125	0.96	0.528667221069336	0.6788424726408424	15.253929443359375	3.0891652897668003	0.011547301507089287
43	layer1.1	1	1	conv1_weight_bn1_gamma	layer1.1.conv1.weight,layer1.1.bn1.weight	36928	True	0.8383473968505859	0.31180927276611325	0.84	0.8514295196533204	0.6570955768896704	14.7645947265625	2.9619193787559444	0.3118091804743744
43	layer1.1	1	1	conv2_weight	layer1.1.conv2.weight	36864	True	0.665367431640625	0.138829345703125	0.88	0.732088623046875	0.676506988150965	15.184261474609375	3.0128319319205312	0.13882925341138616
43	layer1.1	1	1	bn2_gamma	layer1.1.bn2.weight	64	True	0.5811235427856445	0.054585447311401365	0.91	0.5495801544189454	0.6718096466216791	15.102635498046874	3.068998462446666	0.05458535501966253
43	layer1.1	1	1	conv2_weight_bn2_gamma	layer1.1.conv2.weight,layer1.1.bn2.weight	36928	True	0.7925867462158203	0.2660486602783203	0.84	0.813775634765625	0.6781495823777388	15.2306787109375	3.0444274143506855	0.26604856798658144
43	layer2.0	2	0	conv1_weight	layer2.0.conv1.weight	73728	True	1.8262127685546874	1.2996746826171874	0.53	1.488436737060547	0.6151388194642848	13.8361669921875	2.7589632337166075	1.2996745903254485
43	layer2.0	2	0	bn1_gamma	layer2.0.bn1.weight	128	True	0.6294661712646484	0.10292805671691894	0.93	0.6855856323242188	0.6495650376668834	14.6018603515625	2.934146223776177	0.10292796442518011
43	layer2.0	2	0	conv1_weight_bn1_gamma	layer2.0.conv1.weight,layer2.0.bn1.weight	73856	True	1.9160269165039063	1.3894888305664062	0.49	1.50913330078125	0.5939657682579903	13.351036376953125	2.542107731538929	1.3894887382746672
43	layer2.0	2	0	conv2_weight	layer2.0.conv2.weight	147456	True	1.9436015319824218	1.4170632934570313	0.5	1.5567587280273438	0.595975155613385	13.4004052734375	2.5697563418055807	1.4170632011652924
43	layer2.0	2	0	bn2_gamma	layer2.0.bn2.weight	128	True	0.5635627746582031	0.03702462673187256	0.97	0.6318779754638671	0.657851062650113	14.79044189453125	3.0140294354070267	0.037024534440133726
43	layer2.0	2	0	conv2_weight_bn2_gamma	layer2.0.conv2.weight,layer2.0.bn2.weight	147584	True	6.349658203125	5.8231201171875	0.19	1.1231240081787108	0.799926563707081	17.56632080078125	3.1752741023414024	5.823120024895761
43	layer2.1	2	1	conv1_weight	layer2.1.conv1.weight	147456	True	0.695869140625	0.1693310546875	0.87	0.7033415222167969	0.6529038342267924	14.691290283203125	2.9504409098472046	0.16933096239576118
43	layer2.1	2	1	bn1_gamma	layer2.1.bn1.weight	128	True	0.5363578796386719	0.009819784164428712	0.99	0.5465972518920899	0.6661624941160336	14.97783203125	3.03532432369261	0.009819691872689874
43	layer2.1	2	1	conv1_weight_bn1_gamma	layer2.1.conv1.weight,layer2.1.bn1.weight	147584	True	0.7788577270507813	0.25231964111328126	0.83	0.8394699096679688	0.635268010328152	14.3045458984375	2.861335461808	0.2523195488215424
43	layer2.1	2	1	conv2_weight	layer2.1.conv2.weight	147456	True	0.6881050109863281	0.16156692504882814	0.89	0.7975038146972656	0.6520127165788765	14.66996826171875	2.949592132821079	0.1615668327570893
43	layer2.1	2	1	bn2_gamma	layer2.1.bn2.weight	128	True	0.5510700607299804	0.024531967639923095	0.96	0.5412085723876953	0.6689120942938452	15.0273974609375	3.05056347254077	0.024531875348184257
43	layer2.1	2	1	conv2_weight_bn2_gamma	layer2.1.conv2.weight,layer2.1.bn2.weight	147584	True	0.8031248474121093	0.27658668518066404	0.88	0.8502214050292969	0.6535717180238034	14.71558349609375	2.962382909078433	0.2765865928889252
43	layer3.0	3	0	conv1_weight	layer3.0.conv1.weight	294912	True	1.9493174743652344	1.4227793884277344	0.45	2.1160968017578123	0.520029828609901	11.72911865234375	2.4081036691243174	1.4227792961359955
43	layer3.0	3	0	bn1_gamma	layer3.0.bn1.weight	256	True	0.5476856994628906	0.021147561073303223	0.97	0.6046504211425782	0.6535943639990841	14.69233154296875	3.00352085060184	0.021147468781564385
43	layer3.0	3	0	conv1_weight_bn1_gamma	layer3.0.conv1.weight,layer3.0.bn1.weight	295168	True	2.1804820251464845	1.6539437866210938	0.41	2.201591033935547	0.5146219751261258	11.61082275390625	2.4285546595403202	1.6539436943293548
43	layer3.0	3	0	conv2_weight	layer3.0.conv2.weight	589824	True	2.427473297119141	1.90093505859375	0.35	2.4658030700683593	0.4689963138655075	10.5760791015625	2.222512303115553	1.900934966302011
43	layer3.0	3	0	bn2_gamma	layer3.0.bn2.weight	256	True	0.5571472930908203	0.030609145164489746	0.93	0.6403724670410156	0.636610959530187	14.3049267578125	2.9015144213841157	0.030609052872750907
43	layer3.0	3	0	conv2_weight_bn2_gamma	layer3.0.conv2.weight,layer3.0.bn2.weight	590080	True	2.5378302001953124	2.0112921142578126	0.36	2.485945587158203	0.4761617207246371	10.7217138671875	2.2477703362165364	2.011292021966074
43	layer3.1	3	1	conv1_weight	layer3.1.conv1.weight	589824	False	0.5282697296142578	0.0017316174507141114	0.98	0.5194869232177735	0.6860768795697577	15.414818115234375	3.1487172487379684	0.0017315251589752735
43	layer3.1	3	1	bn1_gamma	layer3.1.bn1.weight	256	False	0.8561161804199219	0.32957805633544923	0.9	1.1774695587158204	0.5734941750773553	12.85237060546875	2.483151349595912	0.32957796404371037
43	layer3.1	3	1	conv1_weight_bn1_gamma	layer3.1.conv1.weight,layer3.1.bn1.weight	590080	False	0.8942999267578124	0.36776176452636716	0.84	1.350013427734375	0.546438878137604	12.229462890625	2.391613031120419	0.3677616722346283
43	layer3.1	3	1	conv2_weight	layer3.1.conv2.weight	589824	False	0.5297298431396484	0.0031917184591293336	0.98	0.5135028457641602	0.6900734472575099	15.505799560546874	3.151855108503562	0.0031916261673904955
43	layer3.1	3	1	bn2_gamma	layer3.1.bn2.weight	256	False	0.7118699645996094	0.1853318405151367	0.91	1.0720140075683593	0.5490210751238752	12.28235595703125	2.4692060496493604	0.18533174822339787
43	layer3.1	3	1	conv2_weight_bn2_gamma	layer3.1.conv2.weight,layer3.1.bn2.weight	590080	False	1.6234176635742188	1.0968795776367188	0.57	1.8213607788085937	0.5513454280266223	12.31796630859375	2.2323971140905914	1.09687948534498
43	layer4.0	4	0	conv1_weight	layer4.0.conv1.weight	1179648	False	1.167694091796875	0.641156005859375	0.71	1.6751824951171874	0.5005848706338611	11.2781201171875	2.22820397826366	0.6411559135676362
43	layer4.0	4	0	bn1_gamma	layer4.0.bn1.weight	512	False	0.5409848785400391	0.01444678544998169	0.97	0.5523773956298829	0.6641438656494428	14.916455078125	3.0404651165570047	0.014446693158242851
43	layer4.0	4	0	conv1_weight_bn1_gamma	layer4.0.conv1.weight,layer4.0.bn1.weight	1180160	False	1.1887881469726562	0.6622500610351563	0.71	1.441940155029297	0.6760305943535049	15.22315673828125	2.663392456060503	0.6622499687434175
43	layer4.0	4	0	conv2_weight	layer4.0.conv2.weight	2359296	False	1.194362335205078	0.6678243255615235	0.81	2.0571534729003904	0.44050559732472644	9.93016845703125	1.9566355450747592	0.6678242332697847
43	layer4.0	4	0	bn2_gamma	layer4.0.bn2.weight	512	False	0.5329660415649414	0.006427932977676392	0.99	0.5905484008789063	0.6529390061124584	14.67625732421875	2.964208368181967	0.006427840685937554
43	layer4.0	4	0	conv2_weight_bn2_gamma	layer4.0.conv2.weight,layer4.0.bn2.weight	2359808	False	1.2151255798339844	0.6885874938964843	0.8	2.10489990234375	0.4497273996982023	10.134837036132813	1.936394442643337	0.6885874016047455
43	layer4.1	4	1	conv1_weight	layer4.1.conv1.weight	2359296	False	0.6318852233886719	0.10534711837768555	0.93	0.9290351104736329	0.6140311895643514	13.820799560546876	2.703471726317847	0.10534702608594672
43	layer4.1	4	1	bn1_gamma	layer4.1.bn1.weight	512	False	0.5630365753173828	0.036498477458953855	0.94	0.4238377380371094	0.7540218094724822	16.887659912109374	3.4392656828892996	0.03649838516721502
43	layer4.1	4	1	conv1_weight_bn1_gamma	layer4.1.conv1.weight,layer4.1.bn1.weight	2359808	False	0.6688003540039062	0.14226229667663573	0.89	0.9494352722167969	0.6032463939826141	13.579276123046874	2.7013541164571517	0.1422622043848969
43	layer4.1	4	1	conv2_weight	layer4.1.conv2.weight	2359296	False	0.6128275299072266	0.08628938674926757	0.93	0.8982258605957031	0.6186699092933476	13.92382568359375	2.662524501060976	0.08628929445752874
43	layer4.1	4	1	bn2_gamma	layer4.1.bn2.weight	512	False	1.296544189453125	0.770006103515625	0.86	0.13093369483947753	1.8628945156831882	41.4661328125	8.230012150659316	0.7700060112238862
43	layer4.1	4	1	conv2_weight_bn2_gamma	layer4.1.conv2.weight,layer4.1.bn2.weight	2359808	False	2.088517150878906	1.5619790649414063	0.49	0.8953972625732421	1.4896137510097258	33.517060546875	4.623376573187609	1.5619789726496673
44	layer1.0	1	0	conv1_weight	layer1.0.conv1.weight	36864	True	0.7259066772460937	0.2458707046508789	0.85	0.8265506744384765	0.6244418894819947	14.04861572265625	2.818999711777211	0.24587061042548156
44	layer1.0	1	0	bn1_gamma	layer1.0.bn1.weight	64	True	0.5195701599121094	0.03953424453735352	0.96	0.5760861968994141	0.6612847752792387	14.864495849609375	3.0419504433833238	0.03953415031195619
44	layer1.0	1	0	conv1_weight_bn1_gamma	layer1.0.conv1.weight,layer1.0.bn1.weight	36928	True	0.8556584167480469	0.375622444152832	0.76	0.8626349639892578	0.6373811498817716	14.332034912109375	2.8983916606887346	0.3756223499274347
44	layer1.0	1	0	conv2_weight	layer1.0.conv2.weight	36864	True	1.014480438232422	0.5344445037841797	0.74	0.9207293701171875	0.6529683340435981	14.67885498046875	2.979849907084248	0.5344444095587824
44	layer1.0	1	0	bn2_gamma	layer1.0.bn2.weight	64	True	0.5500345230102539	0.06999857425689697	0.94	0.514162368774414	0.6537880775930622	14.6976220703125	3.0253269451416323	0.06999848003149964
44	layer1.0	1	0	conv2_weight_bn2_gamma	layer1.0.conv2.weight,layer1.0.bn2.weight	36928	True	7.892860107421875	7.412824096679688	0.18	0.9252955627441406	0.8103635428961952	17.812086181640623	3.258034300003608	7.412824002454291
44	layer1.1	1	1	conv1_weight	layer1.1.conv1.weight	36864	True	0.7670760345458985	0.28704008102416995	0.83	0.9097718811035156	0.6474735163276589	14.535489501953125	2.873357954989249	0.28703998679877263
44	layer1.1	1	1	bn1_gamma	layer1.1.bn1.weight	64	True	0.4918267059326172	0.011790754795074463	0.99	0.5011558151245117	0.6572281586626234	14.7751513671875	3.0067369667963972	0.01179066056967713
44	layer1.1	1	1	conv1_weight_bn1_gamma	layer1.1.conv1.weight,layer1.1.bn1.weight	36928	True	0.7635894012451172	0.28355352401733397	0.83	0.8899234008789062	0.6425003218000622	14.42362548828125	2.874489085037548	0.28355342979193665
44	layer1.1	1	1	conv2_weight	layer1.1.conv2.weight	36864	True	0.7049203491210938	0.22488441467285156	0.9	0.7207550811767578	0.6570029163034591	14.75958984375	2.960882205948085	0.2248843204474542
44	layer1.1	1	1	bn2_gamma	layer1.1.bn2.weight	64	True	0.5107135772705078	0.030677595138549806	0.93	0.5471067428588867	0.6525675315549695	14.677197265625	2.9702893377581923	0.030677500913152474
44	layer1.1	1	1	conv2_weight_bn2_gamma	layer1.1.conv2.weight,layer1.1.bn2.weight	36928	True	0.8177497100830078	0.33771381378173826	0.82	0.8344615936279297	0.6580881008081615	14.7924609375	2.9830906267661397	0.33771371955634094
44	layer2.0	2	0	conv1_weight	layer2.0.conv1.weight	73728	True	1.71884521484375	1.2388092041015626	0.58	1.4246820068359376	0.6030517217364987	13.5564111328125	2.700506896862143	1.2388091098761653
44	layer2.0	2	0	bn1_gamma	layer2.0.bn1.weight	128	True	0.607735481262207	0.12769954681396484	0.88	0.714816665649414	0.6339724010152361	14.25864501953125	2.8775313584303475	0.1276994525885675
44	layer2.0	2	0	conv1_weight_bn1_gamma	layer2.0.conv1.weight,layer2.0.bn1.weight	73856	True	1.9330450439453124	1.453009033203125	0.53	1.5332868957519532	0.5796676920259667	13.023931884765625	2.506827785643641	1.4530089389777276
44	layer2.0	2	0	conv2_weight	layer2.0.conv2.weight	147456	True	1.8356118774414063	1.3555760192871094	0.53	1.5419943237304687	0.5888087528013559	13.2456640625	2.566850575121193	1.355575925061712
44	layer2.0	2	0	bn2_gamma	layer2.0.bn2.weight	128	True	0.5197590637207031	0.03972314119338989	0.96	0.5914912796020508	0.6412170056634889	14.422816162109376	2.937995569899655	0.03972304696799256
44	layer2.0	2	0	conv2_weight_bn2_gamma	layer2.0.conv2.weight,layer2.0.bn2.weight	147584	True	6.07560546875	5.595569458007812	0.2	1.1813748168945313	0.7787037118347359	17.072674560546876	3.1386702249917877	5.595569363782415
44	layer2.1	2	1	conv1_weight	layer2.1.conv1.weight	147456	True	0.6575628662109375	0.17752691268920898	0.9	0.72107177734375	0.6420177671641901	14.438642578125	2.9110479212819564	0.17752681846381163
44	layer2.1	2	1	bn1_gamma	layer2.1.bn1.weight	128	True	0.49388019561767577	0.013844265937805175	0.98	0.4988740158081055	0.6477804582532006	14.570986328125	2.969361121310441	0.013844171712407842
44	layer2.1	2	1	conv1_weight_bn1_gamma	layer2.1.conv1.weight,layer2.1.bn1.weight	147584	True	0.7136004638671875	0.23356452941894532	0.89	0.857681884765625	0.6300681655579115	14.17104736328125	2.8411867568852283	0.23356443519354797
44	layer2.1	2	1	conv2_weight	layer2.1.conv2.weight	147456	True	0.6747881317138672	0.19475221633911133	0.91	0.78941650390625	0.6395661922315824	14.3863330078125	2.907527138738347	0.19475212211371398
44	layer2.1	2	1	bn2_gamma	layer2.1.bn2.weight	128	True	0.5011080551147461	0.021072120666503907	0.96	0.5059366607666016	0.6475712516788995	14.56432861328125	2.971354909801251	0.021072026441106576
44	layer2.1	2	1	conv2_weight_bn2_gamma	layer2.1.conv2.weight,layer2.1.bn2.weight	147584	True	0.8057621765136719	0.32572624206542966	0.83	0.8919538116455078	0.638080407507794	14.35767333984375	2.9003864236080683	0.32572614784003234
44	layer3.0	3	0	conv1_weight	layer3.0.conv1.weight	294912	True	2.037913360595703	1.5578775024414062	0.43	2.131123352050781	0.5178981727168641	11.677032470703125	2.3904191087809266	1.557877408216009
44	layer3.0	3	0	bn1_gamma	layer3.0.bn1.weight	256	True	0.49610801696777346	0.016072111129760744	0.99	0.5522902679443359	0.6328830858588425	14.2384716796875	2.9152907766636247	0.016072016904363412
44	layer3.0	3	0	conv1_weight_bn1_gamma	layer3.0.conv1.weight,layer3.0.bn1.weight	295168	True	2.205361022949219	1.7253250122070312	0.41	2.199187774658203	0.5116729389680169	11.543172607421875	2.401419176757777	1.725324917981634
44	layer3.0	3	0	conv2_weight	layer3.0.conv2.weight	589824	True	2.3615739440917967	1.8815380859375	0.39	2.4682275390625	0.46359041907718096	10.453604736328124	2.1999296863763624	1.8815379917121027
44	layer3.0	3	0	bn2_gamma	layer3.0.bn2.weight	256	True	0.5044394302368164	0.0244035005569458	0.96	0.5823795318603515	0.6184868146867856	13.90027587890625	2.8292016597001353	0.024403406331548468
44	layer3.0	3	0	conv2_weight_bn2_gamma	layer3.0.conv2.weight,layer3.0.bn2.weight	590080	True	2.48687744140625	2.0068414306640623	0.4	2.4778466796875	0.4647608989322031	10.48011474609375	2.2001480774029734	2.006841336438665
44	layer3.1	3	1	conv1_weight	layer3.1.conv1.weight	589824	False	0.48165359497070315	0.0016176451742649079	0.99	0.4761213684082031	0.6675080076730294	15.0137744140625	3.082750648771321	0.0016175509488675743
44	layer3.1	3	1	bn1_gamma	layer3.1.bn1.weight	256	False	0.7398975372314454	0.2598615837097168	0.96	1.0444984436035156	0.5586894517559983	12.534925537109375	2.433552251853245	0.2598614894843195
44	layer3.1	3	1	conv1_weight_bn1_gamma	layer3.1.conv1.weight,layer3.1.bn1.weight	590080	False	0.9357099914550782	0.45567405700683594	0.79	1.3406710815429688	0.5355879730993881	11.98987548828125	2.3746438055264205	0.4556739627814386
44	layer3.1	3	1	conv2_weight	layer3.1.conv2.weight	589824	False	0.48321632385253904	0.003180413842201233	0.99	0.47143962860107425	0.6690331260793474	15.05079833984375	3.0718661622456795	0.003180319616803899
44	layer3.1	3	1	bn2_gamma	layer3.1.bn2.weight	256	False	0.6713639068603515	0.1913279724121094	0.94	1.1153985595703124	0.5260463278787402	11.79916015625	2.3655353351567165	0.19132787818671204
44	layer3.1	3	1	conv2_weight_bn2_gamma	layer3.1.conv2.weight,layer3.1.bn2.weight	590080	False	1.6044361877441407	1.1244001770019532	0.59	1.933933563232422	0.5340476299289371	11.97731201171875	2.1469438671632752	1.124400082776556
44	layer4.0	4	0	conv1_weight	layer4.0.conv1.weight	1179648	False	1.200530776977539	0.7204948425292969	0.73	1.7423538208007812	0.49278903593276796	11.10608642578125	2.198452936157606	0.7204947483038995
44	layer4.0	4	0	bn1_gamma	layer4.0.bn1.weight	512	False	0.49076324462890625	0.010727297067642211	0.97	0.516329231262207	0.6448671591530317	14.4985546875	2.9712143718940913	0.010727202842244878
44	layer4.0	4	0	conv1_weight_bn1_gamma	layer4.0.conv1.weight,layer4.0.bn1.weight	1180160	False	1.2668089294433593	0.7867730712890625	0.66	1.5045211791992188	0.6657982542547347	14.994749755859376	2.6078001984431247	0.7867729770636651
44	layer4.0	4	0	conv2_weight	layer4.0.conv2.weight	2359296	False	1.172283935546875	0.6922480773925781	0.8	2.1039828491210937	0.43058790160607335	9.6957080078125	1.9221439852414803	0.6922479831671807
44	layer4.0	4	0	bn2_gamma	layer4.0.bn2.weight	512	False	0.48628021240234376	0.006244270205497742	0.99	0.5516782379150391	0.6331329363281274	14.23758056640625	2.888110866119928	0.006244175980100408
44	layer4.0	4	0	conv2_weight_bn2_gamma	layer4.0.conv2.weight,layer4.0.bn2.weight	2359808	False	1.2048009490966798	0.7247650146484375	0.78	2.1531915283203125	0.43986300329752887	9.9046044921875	1.903827559155503	0.7247649204230401
44	layer4.1	4	1	conv1_weight	layer4.1.conv1.weight	2359296	False	0.5707497406005859	0.09071383476257325	0.96	0.8285527801513672	0.5985292210022454	13.48255615234375	2.6401219195332626	0.09071374053717592
44	layer4.1	4	1	bn1_gamma	layer4.1.bn1.weight	512	False	0.5114862823486328	0.03145033836364746	0.95	0.4111981964111328	0.7289840673058241	16.349649658203123	3.350198688137765	0.03145024413825013
44	layer4.1	4	1	conv1_weight_bn1_gamma	layer4.1.conv1.weight,layer4.1.bn1.weight	2359808	False	0.5941877365112305	0.11415180206298828	0.95	0.8306692504882812	0.5871900999164933	13.22968017578125	2.6398070478730067	0.11415170783759095
44	layer4.1	4	1	conv2_weight	layer4.1.conv2.weight	2359296	False	0.5694542312622071	0.08941831588745117	0.96	0.8441996765136719	0.6010633265285436	13.5380615234375	2.594471435813083	0.08941822166205383
44	layer4.1	4	1	bn2_gamma	layer4.1.bn2.weight	512	False	1.2095791625976562	0.7295432281494141	0.9	0.11980230331420899	1.8087948727264689	40.236142578125	8.066205737519965	0.7295431339240167
44	layer4.1	4	1	conv2_weight_bn2_gamma	layer4.1.conv2.weight,layer4.1.bn2.weight	2359808	False	1.9779670715332032	1.4979312133789062	0.49	0.95397705078125	1.4497454715821834	32.651240234375	4.527928437762681	1.497931119153509
45	layer1.0	1	0	conv1_weight	layer1.0.conv1.weight	36864	True	0.7255816650390625	0.1980679702758789	0.85	0.7323753356933593	0.6374620613328074	14.33010986328125	2.8519513604723348	0.19806787478504703
45	layer1.0	1	0	bn1_gamma	layer1.0.bn1.weight	64	True	0.5702607727050781	0.04274706840515137	0.94	0.5662899398803711	0.6810290056905043	15.30789306640625	3.0952866133445545	0.04274697291431949
45	layer1.0	1	0	conv1_weight_bn1_gamma	layer1.0.conv1.weight,layer1.0.bn1.weight	36928	True	0.8689825439453125	0.3414688873291016	0.79	0.7877243041992188	0.6531012863891811	14.674171142578125	2.935040193506726	0.34146879183826967
45	layer1.0	1	0	conv2_weight	layer1.0.conv2.weight	36864	True	0.9680043029785156	0.44049060821533204	0.8	0.8031771850585937	0.6792275181132642	15.276932373046876	3.0521292516454803	0.4404905127245001
45	layer1.0	1	0	bn2_gamma	layer1.0.bn2.weight	64	True	0.5592644500732422	0.03175074577331543	0.96	0.6001807403564453	0.672252176561446	15.100501708984375	3.056016734451891	0.03175065028248355
45	layer1.0	1	0	conv2_weight_bn2_gamma	layer1.0.conv2.weight,layer1.0.bn2.weight	36928	True	8.176013793945312	7.648499755859375	0.22	0.7178407287597657	0.8554109123570334	18.740435791015624	3.466709084275749	7.648499660368543
45	layer1.1	1	1	conv1_weight	layer1.1.conv1.weight	36864	True	0.81480712890625	0.287293529510498	0.84	0.7334637451171875	0.658682364478806	14.8066943359375	2.9234726247221814	0.2872934340196661
45	layer1.1	1	1	bn1_gamma	layer1.1.bn1.weight	64	True	0.5398984909057617	0.012384774684906006	0.97	0.53005126953125	0.6810719388587956	15.305228271484374	3.0793926958087043	0.012384679194074124
45	layer1.1	1	1	conv1_weight_bn1_gamma	layer1.1.conv1.weight,layer1.1.bn1.weight	36928	True	0.8066655731201172	0.27915185928344727	0.86	0.7246427917480469	0.6602142633533119	14.83633544921875	2.9497732963738077	0.27915176379261536
45	layer1.1	1	1	conv2_weight	layer1.1.conv2.weight	36864	True	0.7092210388183594	0.18170734405517577	0.86	0.6966998291015625	0.6826093917205059	15.33092041015625	3.051536626234396	0.1817072485643439
45	layer1.1	1	1	bn2_gamma	layer1.1.bn2.weight	64	True	0.5706930541992188	0.04317933082580566	0.94	0.5718864440917969	0.6727440044656167	15.119212646484375	3.0519816820387375	0.04317923533497378
45	layer1.1	1	1	conv2_weight_bn2_gamma	layer1.1.conv2.weight,layer1.1.bn2.weight	36928	True	0.75533935546875	0.22782562255859376	0.86	0.759945297241211	0.6867041958426428	15.4346923828125	3.095733707459348	0.22782552706776188
45	layer2.0	2	0	conv1_weight	layer2.0.conv1.weight	73728	True	1.5330587768554687	1.0055451202392578	0.65	1.3509629821777345	0.615336921017411	13.8326220703125	2.7077723778043086	1.0055450247484259
45	layer2.0	2	0	bn1_gamma	layer2.0.bn1.weight	128	True	0.6557350158691406	0.1282213020324707	0.89	0.6368699264526367	0.6535463862866356	14.688470458984375	2.9305913439099625	0.12822120654163882
45	layer2.0	2	0	conv1_weight_bn1_gamma	layer2.0.conv1.weight,layer2.0.bn1.weight	73856	True	1.7548565673828125	1.2273430633544922	0.56	1.4002371215820313	0.5993954155620289	13.455867919921875	2.567089639796398	1.2273429678636603
45	layer2.0	2	0	conv2_weight	layer2.0.conv2.weight	147456	True	1.8019703674316405	1.2744566345214843	0.52	1.3389340209960938	0.6069509327898369	13.64412353515625	2.628753863525454	1.2744565390306524
45	layer2.0	2	0	bn2_gamma	layer2.0.bn2.weight	128	True	0.5637924957275391	0.03627877712249756	0.97	0.6120465850830078	0.6638092922588971	14.92653076171875	3.0111217023312093	0.03627868163166568
45	layer2.0	2	0	conv2_weight_bn2_gamma	layer2.0.conv2.weight,layer2.0.bn2.weight	147584	True	5.525799560546875	4.9982861328125	0.2	0.9673056030273437	0.7814322053152828	17.23914794921875	3.1574510091211234	4.998286037321668
45	layer2.1	2	1	conv1_weight	layer2.1.conv1.weight	147456	True	0.6733090972900391	0.1457953643798828	0.88	0.696257095336914	0.6549667163575053	14.7361767578125	2.9423790597491	0.14579526888905092
45	layer2.1	2	1	bn1_gamma	layer2.1.bn1.weight	128	True	0.5402771759033204	0.01276346206665039	0.97	0.5571092987060546	0.6653487944300431	14.9631201171875	3.0130409265391664	0.012763366575818507
45	layer2.1	2	1	conv1_weight_bn1_gamma	layer2.1.conv1.weight,layer2.1.bn1.weight	147584	True	0.7926528930664063	0.26513912200927736	0.82	0.8303797912597656	0.6379515600679757	14.34929443359375	2.860514049082787	0.26513902651844545
45	layer2.1	2	1	conv2_weight	layer2.1.conv2.weight	147456	True	0.7038662719726563	0.17635255813598633	0.85	0.7842437744140625	0.654651314912153	14.72213134765625	2.9525979026951843	0.17635246264515445
45	layer2.1	2	1	bn2_gamma	layer2.1.bn2.weight	128	True	0.5646809387207031	0.037167201042175295	0.96	0.59212158203125	0.6657080083676215	14.9582568359375	3.019299121898988	0.037167105551343414
45	layer2.1	2	1	conv2_weight_bn2_gamma	layer2.1.conv2.weight,layer2.1.bn2.weight	147584	True	0.8369523620605469	0.3094386291503906	0.82	0.8530283355712891	0.6525964670013743	14.68728515625	2.9436496798192544	0.3094385336595587
45	layer3.0	3	0	conv1_weight	layer3.0.conv1.weight	294912	True	1.803767547607422	1.276253890991211	0.48	1.947152099609375	0.5198551034791149	11.707987060546875	2.361071244557224	1.276253795500379
45	layer3.0	3	0	bn1_gamma	layer3.0.bn1.weight	256	True	0.5445171356201172	0.017003393173217772	0.98	0.5924726104736329	0.6518572755709978	14.652012939453124	2.9638804800463867	0.01700329768238589
45	layer3.0	3	0	conv1_weight_bn1_gamma	layer3.0.conv1.weight,layer3.0.bn1.weight	295168	True	1.9561297607421875	1.4286160278320312	0.48	2.0761279296875	0.5142067564797489	11.5794677734375	2.3684078743694044	1.4286159323411993
45	layer3.0	3	0	conv2_weight	layer3.0.conv2.weight	589824	True	2.291253967285156	1.763740234375	0.4	2.448672637939453	0.46436457708272577	10.44947998046875	2.139224267988282	1.763740138884168
45	layer3.0	3	0	bn2_gamma	layer3.0.bn2.weight	256	True	0.5614436340332031	0.033929882049560545	0.95	0.6432292175292968	0.633395275633875	14.236126708984376	2.8627963820362776	0.033929786558728664
45	layer3.0	3	0	conv2_weight_bn2_gamma	layer3.0.conv2.weight,layer3.0.bn2.weight	590080	True	2.5133407592773436	1.9858270263671876	0.38	2.4316943359375	0.47116641975525003	10.5977001953125	2.1716051091301107	1.9858269308763556
45	layer3.1	3	1	conv1_weight	layer3.1.conv1.weight	589824	False	0.5296825790405273	0.0021688744425773622	0.96	0.52728515625	0.6849861934412095	15.390257568359376	3.1154821306260128	0.0021687789517454803
45	layer3.1	3	1	bn1_gamma	layer3.1.bn1.weight	256	False	0.7403368377685546	0.21282312393188477	0.91	1.0036534118652343	0.5680718035914514	12.735540771484375	2.4509486364977136	0.21282302844105289
45	layer3.1	3	1	conv1_weight_bn1_gamma	layer3.1.conv1.weight,layer3.1.bn1.weight	590080	False	0.9242160797119141	0.3967023468017578	0.78	1.2132117462158203	0.5527320629920728	12.376708984375	2.421847499843869	0.3967022513109259
45	layer3.1	3	1	conv2_weight	layer3.1.conv2.weight	589824	False	0.5320487594604493	0.0045350569486618045	0.98	0.5208377838134766	0.689914417211419	15.503568115234375	3.1293119002026626	0.004534961457829923
45	layer3.1	3	1	bn2_gamma	layer3.1.bn2.weight	256	False	0.6864918518066406	0.1589781665802002	0.9	0.9977638244628906	0.5447749507909457	12.196690673828124	2.444477273493251	0.15897807108936832
45	layer3.1	3	1	conv2_weight_bn2_gamma	layer3.1.conv2.weight,layer3.1.bn2.weight	590080	False	1.5227719116210938	0.9952581787109375	0.67	1.7797659301757813	0.5473811134612003	12.25480712890625	2.238780534409302	0.9952580832201056
45	layer4.0	4	0	conv1_weight	layer4.0.conv1.weight	1179648	False	1.3272602844238282	0.7997465515136719	0.61	1.799921875	0.49812884206020064	11.224075927734376	2.2065605305542833	0.79974645602284
45	layer4.0	4	0	bn1_gamma	layer4.0.bn1.weight	512	False	0.5387730026245117	0.011259286403656006	0.99	0.5490579986572266	0.6641232164338522	14.922005615234376	3.0222112661923553	0.011259190912824124
45	layer4.0	4	0	conv1_weight_bn1_gamma	layer4.0.conv1.weight,layer4.0.bn1.weight	1180160	False	1.3365040588378907	0.8089903259277343	0.67	1.633365478515625	0.6689527542925479	15.047540283203125	2.6118777668087763	0.8089902304369024
45	layer4.0	4	0	conv2_weight	layer4.0.conv2.weight	2359296	False	1.2455217742919922	0.7180080413818359	0.72	2.066580505371094	0.44175538425586053	9.941318359375	1.9295751232460476	0.718007945891004
45	layer4.0	4	0	bn2_gamma	layer4.0.bn2.weight	512	False	0.5333796691894531	0.00586591899394989	1.0	0.5769919586181641	0.6506101532193975	14.625037841796875	2.9305526889138163	0.005865823503118008
45	layer4.0	4	0	conv2_weight_bn2_gamma	layer4.0.conv2.weight,layer4.0.bn2.weight	2359808	False	1.2775950622558594	0.7500813293457032	0.7	2.1058883666992188	0.4518077567101272	10.1638916015625	1.909084470531621	0.7500812338548712
45	layer4.1	4	1	conv1_weight	layer4.1.conv1.weight	2359296	False	0.6159031295776367	0.08838939666748047	0.9	0.8227290344238282	0.6129886468579641	13.79615478515625	2.6746205922522917	0.08838930117664859
45	layer4.1	4	1	bn1_gamma	layer4.1.bn1.weight	512	False	0.5687425231933594	0.041228809356689454	0.95	0.4345146942138672	0.751483873469658	16.84255126953125	3.406086922701768	0.04122871386585757
45	layer4.1	4	1	conv1_weight_bn1_gamma	layer4.1.conv1.weight,layer4.1.bn1.weight	2359808	False	0.6297464752197266	0.10223276138305665	0.89	0.8286700439453125	0.6006993985813992	13.520904541015625	2.6695452562187443	0.10223266589222477
45	layer4.1	4	1	conv2_weight	layer4.1.conv2.weight	2359296	False	0.6157639694213867	0.0882502555847168	0.91	0.8348150634765625	0.6177069301063934	13.89970947265625	2.6401569851525872	0.08825016009388492
45	layer4.1	4	1	bn2_gamma	layer4.1.bn2.weight	512	False	1.3509295654296876	0.8234158325195312	0.88	0.13927928924560548	1.8542012117861055	41.3212939453125	8.171501162577167	0.8234157370286993
45	layer4.1	4	1	conv2_weight_bn2_gamma	layer4.1.conv2.weight,layer4.1.bn2.weight	2359808	False	2.1740345764160156	1.64652099609375	0.45	0.8762077331542969	1.4722266034394975	33.1590478515625	4.582815728348675	1.646520900602918
46	layer1.0	1	0	conv1_weight	layer1.0.conv1.weight	36864	True	0.8417507934570313	0.2154831314086914	0.87	0.824239501953125	0.6288041575714187	14.14836669921875	2.827926028912355	0.2154830206025508
46	layer1.0	1	0	bn1_gamma	layer1.0.bn1.weight	64	True	0.6842878723144531	0.05802022933959961	0.94	0.6498338317871094	0.6692396991380172	15.047294921875	3.0709341768833145	0.05802011853345903
46	layer1.0	1	0	conv1_weight_bn1_gamma	layer1.0.conv1.weight,layer1.0.bn1.weight	36928	True	0.9287197113037109	0.3024520492553711	0.82	0.8479646301269531	0.6470910342761866	14.5556494140625	2.9338027264115762	0.3024519384492305
46	layer1.0	1	0	conv2_weight	layer1.0.conv2.weight	36864	True	1.1844234466552734	0.5581557846069336	0.75	0.9827839660644532	0.6593379150375434	14.8226318359375	2.9815408663139267	0.558155673800793
46	layer1.0	1	0	bn2_gamma	layer1.0.bn2.weight	64	True	0.7047986602783203	0.07853099822998047	0.94	0.6738299560546875	0.6610910368079074	14.8680615234375	3.0421528150308292	0.07853088742383989
46	layer1.0	1	0	conv2_weight_bn2_gamma	layer1.0.conv2.weight,layer1.0.bn2.weight	36928	True	8.33813720703125	7.711869506835938	0.17	0.788790512084961	0.844656901932626	18.582772216796876	3.3929607737932956	7.7118693960297975
46	layer1.1	1	1	conv1_weight	layer1.1.conv1.weight	36864	True	1.0266868591308593	0.40041915893554686	0.78	0.9577297973632812	0.6432561961890043	14.4679296875	2.8714767814227575	0.40041904812940626
46	layer1.1	1	1	bn1_gamma	layer1.1.bn1.weight	64	True	0.6398716735839843	0.013603981733322144	0.97	0.6473922729492188	0.6646319077616883	14.943056640625	3.0262347686522935	0.013603870927181561
46	layer1.1	1	1	conv1_weight_bn1_gamma	layer1.1.conv1.weight,layer1.1.bn1.weight	36928	True	0.9776390075683594	0.35137138366699217	0.81	0.9407074737548828	0.6422423253475072	14.4433349609375	2.8946410615134996	0.35137127286085157
46	layer1.1	1	1	conv2_weight	layer1.1.conv2.weight	36864	True	0.8358987426757812	0.20963102340698242	0.89	0.7668460845947266	0.6690002828691509	15.03430908203125	2.9927953853796954	0.20963091260084182
46	layer1.1	1	1	bn2_gamma	layer1.1.bn2.weight	64	True	0.6710320281982421	0.044764375686645506	0.93	0.6762327575683593	0.6603344919321961	14.842781982421876	3.015134480831659	0.044764264880504924
46	layer1.1	1	1	conv2_weight_bn2_gamma	layer1.1.conv2.weight,layer1.1.bn2.weight	36928	True	0.8938360595703125	0.2675683212280273	0.83	0.8497297668457031	0.6718010156394956	15.1023291015625	3.026527248762185	0.2675682104218867
46	layer2.0	2	0	conv1_weight	layer2.0.conv1.weight	73728	True	1.6922100830078124	1.0659423065185547	0.58	1.4602333068847657	0.6158964691353241	13.83068359375	2.7346773404279343	1.0659421957124142
46	layer2.0	2	0	bn1_gamma	layer2.0.bn1.weight	128	True	0.7740171813964843	0.14774951934814454	0.88	0.7646475982666016	0.640479987874847	14.401138916015626	2.893191630794614	0.14774940854200394
46	layer2.0	2	0	conv1_weight_bn1_gamma	layer2.0.conv1.weight,layer2.0.bn1.weight	73856	True	1.9374392700195313	1.3111715698242188	0.52	1.5031552124023437	0.5905249455388917	13.259505615234374	2.5424446128431195	1.3111714590180783
46	layer2.0	2	0	conv2_weight	layer2.0.conv2.weight	147456	True	1.9387725830078124	1.3125048828125	0.49	1.4359161376953125	0.5959094801398177	13.397469482421876	2.57672408908094	1.3125047720063596
46	layer2.0	2	0	bn2_gamma	layer2.0.bn2.weight	128	True	0.6797868347167969	0.05351913452148437	0.93	0.7450650787353515	0.6506453611502414	14.63115966796875	2.9689373625086803	0.05351902371534379
46	layer2.0	2	0	conv2_weight_bn2_gamma	layer2.0.conv2.weight,layer2.0.bn2.weight	147584	True	5.429295043945313	4.80302734375	0.21	1.1916014099121093	0.7557233253286554	16.76460693359375	3.0341873654654226	4.80302723294386
46	layer2.1	2	1	conv1_weight	layer2.1.conv1.weight	147456	True	0.78857177734375	0.1623040771484375	0.88	0.8114505767822265	0.6414764254394165	14.43435546875	2.906079699311428	0.1623039663422969
46	layer2.1	2	1	bn1_gamma	layer2.1.bn1.weight	128	True	0.646529541015625	0.020261826515197753	0.97	0.6640129852294921	0.653262124884486	14.6967041015625	2.98263908938041	0.02026171570905717
46	layer2.1	2	1	conv1_weight_bn1_gamma	layer2.1.conv1.weight,layer2.1.bn1.weight	147584	True	0.8602206420898437	0.2339529037475586	0.86	0.9292469787597656	0.6248033443053709	14.05829833984375	2.81605025922834	0.233952792941418
46	layer2.1	2	1	conv2_weight	layer2.1.conv2.weight	147456	True	0.8597904205322265	0.2335227584838867	0.88	0.8466044616699219	0.6414879025562186	14.434425048828125	2.9086010651600196	0.2335226476777461
46	layer2.1	2	1	bn2_gamma	layer2.1.bn2.weight	128	True	0.654656753540039	0.028389105796813963	0.95	0.6806541442871094	0.6519015155201743	14.65573486328125	2.9771162378634126	0.02838899499067338
46	layer2.1	2	1	conv2_weight_bn2_gamma	layer2.1.conv2.weight,layer2.1.bn2.weight	147584	True	0.9985223388671876	0.37225467681884766	0.79	0.88041748046875	0.6420023184761181	14.4441943359375	2.9051237064882454	0.37225456601270707
46	layer3.0	3	0	conv1_weight	layer3.0.conv1.weight	294912	True	1.986884307861328	1.3606166076660156	0.46	2.003365783691406	0.5228170880140885	11.7760595703125	2.3883045110496273	1.360616496859875
46	layer3.0	3	0	bn1_gamma	layer3.0.bn1.weight	256	True	0.6460197448730469	0.01975205898284912	0.97	0.6918862915039062	0.6422959878804813	14.441177978515626	2.9439508954804254	0.01975194817670854
46	layer3.0	3	0	conv1_weight_bn1_gamma	layer3.0.conv1.weight,layer3.0.bn1.weight	295168	True	2.147552795410156	1.521284942626953	0.45	2.1127967834472656	0.5168540778763218	11.642001953125	2.3970149079115046	1.5212848318208125
46	layer3.0	3	0	conv2_weight	layer3.0.conv2.weight	589824	True	2.23973388671875	1.6134660339355469	0.41	2.3742498779296874	0.4684106844809771	10.55385498046875	2.199047023712772	1.6134659231294064
46	layer3.0	3	0	bn2_gamma	layer3.0.bn2.weight	256	True	0.6575839996337891	0.03131630659103393	0.95	0.7665823364257812	0.6216196427274555	13.978768310546876	2.833301684872262	0.03131619578489335
46	layer3.0	3	0	conv2_weight_bn2_gamma	layer3.0.conv2.weight,layer3.0.bn2.weight	590080	True	2.4801651000976563	1.8538973999023438	0.3	2.4182205200195312	0.4731053361119669	10.651712646484375	2.2087680389755735	1.8538972890962033
46	layer3.1	3	1	conv1_weight	layer3.1.conv1.weight	589824	False	0.6287848663330078	0.002517186999320984	0.98	0.6248212432861329	0.6699373062180485	15.0619580078125	3.0680914517416196	0.002517076193180401
46	layer3.1	3	1	bn1_gamma	layer3.1.bn1.weight	256	False	0.9156139373779297	0.2893462562561035	0.92	1.1267678070068359	0.561405948986012	12.589415283203126	2.4453300518539414	0.2893461454499629
46	layer3.1	3	1	conv1_weight_bn1_gamma	layer3.1.conv1.weight,layer3.1.bn1.weight	590080	False	1.057202606201172	0.4309349822998047	0.76	1.4198504638671876	0.5295419318550453	11.864827880859375	2.310852284601939	0.4309348714936641
46	layer3.1	3	1	conv2_weight	layer3.1.conv2.weight	589824	False	0.6310315704345704	0.0047638994455337525	0.99	0.6146122741699219	0.6759287061397018	15.195279541015625	3.0887818695239715	0.004763788639393169
46	layer3.1	3	1	bn2_gamma	layer3.1.bn2.weight	256	False	0.8033457946777344	0.1770780563354492	0.9	1.1266725158691406	0.5323590897213417	11.93648681640625	2.416305612396743	0.1770779455293086
46	layer3.1	3	1	conv2_weight_bn2_gamma	layer3.1.conv2.weight,layer3.1.bn2.weight	590080	False	1.5942526245117188	0.9679850006103515	0.62	1.739359130859375	0.5407237056524267	12.0861376953125	2.229040485135925	0.9679848898042109
46	layer4.0	4	0	conv1_weight	layer4.0.conv1.weight	1179648	False	1.4261517333984375	0.799884033203125	0.64	1.7889779663085938	0.49304434654616297	11.108204345703125	2.1958504901290525	0.7998839223969844
46	layer4.0	4	0	bn1_gamma	layer4.0.bn1.weight	512	False	0.6383331680297851	0.012065486907958984	0.97	0.6682987213134766	0.6494780572322454	14.59876220703125	2.981052142281312	0.012065376101818402
46	layer4.0	4	0	conv1_weight_bn1_gamma	layer4.0.conv1.weight,layer4.0.bn1.weight	1180160	False	1.505175323486328	0.8789076232910156	0.58	1.598159942626953	0.6716134347322801	15.12124267578125	2.620324109246793	0.878907512484875
46	layer4.0	4	0	conv2_weight	layer4.0.conv2.weight	2359296	False	1.3759292602539062	0.7496614074707031	0.71	2.1655950927734375	0.43839012058570437	9.869629516601563	1.9418461335157324	0.7496612966645625
46	layer4.0	4	0	bn2_gamma	layer4.0.bn2.weight	512	False	0.6355724334716797	0.009304742813110351	1.0	0.6982134246826172	0.6388996392419058	14.36614501953125	2.89793595728063	0.009304632006969769
46	layer4.0	4	0	conv2_weight_bn2_gamma	layer4.0.conv2.weight,layer4.0.bn2.weight	2359808	False	1.4067198181152343	0.7804521179199219	0.71	2.194125518798828	0.4496825900151076	10.119879150390625	1.9265013422977415	0.7804520071137813
46	layer4.1	4	1	conv1_weight	layer4.1.conv1.weight	2359296	False	0.7200704956054688	0.09380281448364258	0.9	0.9426426696777344	0.6050350639333784	13.622271728515624	2.665073726700633	0.093802703677502
46	layer4.1	4	1	bn1_gamma	layer4.1.bn1.weight	512	False	0.6711811828613281	0.04491349220275879	0.95	0.5290145874023438	0.7364486700896118	16.509248046875	3.3579481272050646	0.044913381396618206
46	layer4.1	4	1	conv1_weight_bn1_gamma	layer4.1.conv1.weight,layer4.1.bn1.weight	2359808	False	0.7357496643066406	0.10948192596435546	0.88	0.9462866973876953	0.5948809964718816	13.393408203125	2.6685916229352142	0.10948181515821488
46	layer4.1	4	1	conv2_weight	layer4.1.conv2.weight	2359296	False	0.7243415069580078	0.09807382583618164	0.89	0.9594102478027344	0.608580336220918	13.6994580078125	2.6178852987669265	0.09807371503004106
46	layer4.1	4	1	bn2_gamma	layer4.1.bn2.weight	512	False	1.6242041015625	0.9979364013671875	0.86	0.1682439613342285	1.8188464791313304	40.497275390625	8.00747307207461	0.9979362905610469
46	layer4.1	4	1	conv2_weight_bn2_gamma	layer4.1.conv2.weight,layer4.1.bn2.weight	2359808	False	2.3650576782226564	1.7387899780273437	0.42	0.9695545959472657	1.4705521067052185	33.1334130859375	4.547936688763378	1.7387898672212032
47	layer1.0	1	0	conv1_weight	layer1.0.conv1.weight	36864	True	0.6872173309326172	0.17896511077880858	0.89	0.8095988464355469	0.6239234197037207	14.0358642578125	2.807525461816865	0.1789650231017731
47	layer1.0	1	0	bn1_gamma	layer1.0.bn1.weight	64	True	0.5440574264526368	0.035805175304412844	0.96	0.5504249954223632	0.6657123920219613	14.9745849609375	3.0435284826989872	0.035805087627377365
47	layer1.0	1	0	conv1_weight_bn1_gamma	layer1.0.conv1.weight,layer1.0.bn1.weight	36928	True	0.7718684387207031	0.26361621856689454	0.81	0.8371971130371094	0.6391367824818028	14.380302734375	2.8961822931231382	0.2636161308898591
47	layer1.0	1	0	conv2_weight	layer1.0.conv2.weight	36864	True	0.928060302734375	0.41980804443359376	0.74	0.9071080780029297	0.6525007997705228	14.67780029296875	2.9621053270857876	0.4198079567565583
47	layer1.0	1	0	bn2_gamma	layer1.0.bn2.weight	64	True	0.5362233352661133	0.027971081733703614	0.95	0.5686865997314453	0.6607524928530527	14.860242919921875	3.0370530792612103	0.027970994056668134
47	layer1.0	1	0	conv2_weight_bn2_gamma	layer1.0.conv2.weight,layer1.0.bn2.weight	36928	True	8.690841064453124	8.182589111328125	0.21	0.8546383666992188	0.8441827413140012	18.46368896484375	3.427692372427841	8.18258902365109
47	layer1.1	1	1	conv1_weight	layer1.1.conv1.weight	36864	True	0.7853350830078125	0.2770828628540039	0.8	0.8668681335449219	0.644072161310058	14.48216796875	2.8853238553063676	0.27708277517696844
47	layer1.1	1	1	bn1_gamma	layer1.1.bn1.weight	64	True	0.5164558792114258	0.00820364236831665	0.97	0.5159637069702149	0.6648809868574753	14.95412353515625	3.0288222236539406	0.00820355469128117
47	layer1.1	1	1	conv1_weight_bn1_gamma	layer1.1.conv1.weight,layer1.1.bn1.weight	36928	True	0.7677143859863281	0.2594622039794922	0.84	0.8136885070800781	0.639512688362522	14.39087646484375	2.8851730342390214	0.25946211630245675
47	layer1.1	1	1	conv2_weight	layer1.1.conv2.weight	36864	True	0.6622986602783203	0.15404638290405273	0.92	0.7588410949707032	0.6625486535974464	14.891192626953124	2.978927554506823	0.15404629522701724
47	layer1.1	1	1	bn2_gamma	layer1.1.bn2.weight	64	True	0.5437831115722657	0.03553088188171387	0.92	0.5661611175537109	0.6600909210926073	14.8545361328125	3.0055696995328525	0.03553079420467839
47	layer1.1	1	1	conv2_weight_bn2_gamma	layer1.1.conv2.weight,layer1.1.bn2.weight	36928	True	0.7854006195068359	0.2771483612060547	0.83	0.8383306884765624	0.6657236232137799	14.9568310546875	3.010662043056311	0.2771482735290192
47	layer2.0	2	0	conv1_weight	layer2.0.conv1.weight	73728	True	1.5526205444335937	1.044368438720703	0.6	1.3286724853515626	0.6022391816050758	13.551051025390626	2.6908664961309396	1.0443683510436677
47	layer2.0	2	0	bn1_gamma	layer2.0.bn1.weight	128	True	0.5980487823486328	0.08979654312133789	0.92	0.6574728393554687	0.6352932902976904	14.29645751953125	2.8777718974494833	0.08979645544430241
47	layer2.0	2	0	conv1_weight_bn1_gamma	layer2.0.conv1.weight,layer2.0.bn1.weight	73856	True	1.7332460021972655	1.2249937438964844	0.53	1.4601016235351563	0.5795442553285102	13.034669189453124	2.5027086888509418	1.224993656219449
47	layer2.0	2	0	conv2_weight	layer2.0.conv2.weight	147456	True	1.7345111083984375	1.2262590026855469	0.53	1.5023674011230468	0.5812329033418928	13.0794921875	2.5363838370305865	1.2262589150085115
47	layer2.0	2	0	bn2_gamma	layer2.0.bn2.weight	128	True	0.54160888671875	0.03335665702819824	0.96	0.5742517471313476	0.6499622920909618	14.61457275390625	2.967111653190692	0.03335656935116276
47	layer2.0	2	0	conv2_weight_bn2_gamma	layer2.0.conv2.weight,layer2.0.bn2.weight	147584	True	5.350699462890625	4.842447509765625	0.27	1.166309585571289	0.7404978711434415	16.338173828125	3.0030445488703625	4.84244742208859
47	layer2.1	2	1	conv1_weight	layer2.1.conv1.weight	147456	True	0.6364512252807617	0.1281989860534668	0.9	0.7244619750976562	0.6408145679889581	14.4249462890625	2.9188353841900714	0.1281988983764313
47	layer2.1	2	1	bn1_gamma	layer2.1.bn1.weight	128	True	0.5189902877807617	0.010738041400909424	0.97	0.5379325103759766	0.6543795132048726	14.724677734375	2.9768864817120586	0.010737953723873943
47	layer2.1	2	1	conv1_weight_bn1_gamma	layer2.1.conv1.weight,layer2.1.bn1.weight	147584	True	0.7424475860595703	0.23419532775878907	0.86	0.7964542388916016	0.6241325156525067	14.05973876953125	2.8396404371856656	0.23419524008175358
47	layer2.1	2	1	conv2_weight	layer2.1.conv2.weight	147456	True	0.6892709350585937	0.1810186767578125	0.84	0.7636380004882812	0.6387416939092718	14.3843505859375	2.9162274966984314	0.181018589080777
47	layer2.1	2	1	bn2_gamma	layer2.1.bn2.weight	128	True	0.5272623443603516	0.019010076522827147	0.96	0.539278907775879	0.6537608870407562	14.70898681640625	2.977979600333085	0.019009988845791668
47	layer2.1	2	1	conv2_weight_bn2_gamma	layer2.1.conv2.weight,layer2.1.bn2.weight	147584	True	0.8543412017822266	0.34608898162841795	0.8	0.8100563049316406	0.638897668897956	14.388226318359376	2.9156660634836085	0.3460888939513825
47	layer3.0	3	0	conv1_weight	layer3.0.conv1.weight	294912	True	1.796402587890625	1.2881503295898438	0.54	1.9983503723144531	0.5199959006514724	11.715552978515625	2.409139498866763	1.2881502419128084
47	layer3.0	3	0	bn1_gamma	layer3.0.bn1.weight	256	True	0.5243936920166016	0.01614145278930664	0.98	0.5689851379394532	0.6448251874732426	14.507059326171875	2.9570709747992185	0.016141365112271162
47	layer3.0	3	0	conv1_weight_bn1_gamma	layer3.0.conv1.weight,layer3.0.bn1.weight	295168	True	2.0001881408691404	1.49193603515625	0.53	2.0973611450195313	0.5163842362459948	11.63511962890625	2.4320989841595675	1.4919359474792147
47	layer3.0	3	0	conv2_weight	layer3.0.conv2.weight	589824	True	2.2690184020996096	1.7607661437988282	0.47	2.3993841552734376	0.47043593298239417	10.5974365234375	2.2212263469477844	1.7607660561217928
47	layer3.0	3	0	bn2_gamma	layer3.0.bn2.weight	256	True	0.534748306274414	0.026496071815490723	0.97	0.6154803466796875	0.6236800025698024	14.029412841796875	2.8409073704540244	0.026495984138455244
47	layer3.0	3	0	conv2_weight_bn2_gamma	layer3.0.conv2.weight,layer3.0.bn2.weight	590080	True	2.4595565795898438	1.9513044738769532	0.4	2.441649627685547	0.47539142743358737	10.70064453125	2.240392072969595	1.9513043861999178
47	layer3.1	3	1	conv1_weight	layer3.1.conv1.weight	589824	False	0.51044921875	0.002196972370147705	0.98	0.5032109832763672	0.6726000471039664	15.13753173828125	3.0854593458673216	0.0021968846931122244
47	layer3.1	3	1	bn1_gamma	layer3.1.bn1.weight	256	False	0.7900287628173828	0.2817765045166016	0.92	0.998724594116211	0.5599653655649822	12.576185302734375	2.406217369908629	0.2817764168395661
47	layer3.1	3	1	conv1_weight_bn1_gamma	layer3.1.conv1.weight,layer3.1.bn1.weight	590080	False	0.8518463897705079	0.3435942077636719	0.82	1.2256148529052735	0.5305792849273274	11.90724365234375	2.297103134928861	0.3435941200866364
47	layer3.1	3	1	conv2_weight	layer3.1.conv2.weight	589824	False	0.5127012252807617	0.00444898247718811	0.98	0.4982787322998047	0.6770640709900253	15.23476806640625	3.094680794322736	0.004448894800152629
47	layer3.1	3	1	bn2_gamma	layer3.1.bn2.weight	256	False	0.693570556640625	0.1853183364868164	0.89	1.0327822113037108	0.532849119835322	11.958834228515625	2.4086771849399	0.1853182488097809
47	layer3.1	3	1	conv2_weight_bn2_gamma	layer3.1.conv2.weight,layer3.1.bn2.weight	590080	False	1.4648551940917969	0.9566030120849609	0.62	1.8757940673828124	0.5415688803022348	12.121756591796874	2.2056119828179206	0.9566029244079254
47	layer4.0	4	0	conv1_weight	layer4.0.conv1.weight	1179648	False	1.2207445526123046	0.7124922943115234	0.7	1.68502197265625	0.491524793339096	11.07834716796875	2.2035941876284753	0.7124922066344879
47	layer4.0	4	0	bn1_gamma	layer4.0.bn1.weight	512	False	0.5203376388549805	0.012085398435592651	0.98	0.5545815658569336	0.6479820619148933	14.57833984375	2.9663316465796608	0.01208531075855717
47	layer4.0	4	0	conv1_weight_bn1_gamma	layer4.0.conv1.weight,layer4.0.bn1.weight	1180160	False	1.2472018432617187	0.7389496612548828	0.67	1.4905180358886718	0.6653931979740673	14.99969970703125	2.621297090659508	0.7389495735778473
47	layer4.0	4	0	conv2_weight	layer4.0.conv2.weight	2359296	False	1.2425212097167968	0.7342689514160157	0.75	2.034148864746094	0.43399804314378737	9.775358276367188	1.922640193197885	0.7342688637389801
47	layer4.0	4	0	bn2_gamma	layer4.0.bn2.weight	512	False	0.5153981018066406	0.007145832777023315	0.99	0.5704022979736328	0.6387080396393193	14.37173583984375	2.893177859206032	0.007145745099987834
47	layer4.0	4	0	conv2_weight_bn2_gamma	layer4.0.conv2.weight,layer4.0.bn2.weight	2359808	False	1.2699317932128906	0.7616796112060547	0.72	2.0667584228515623	0.4422911829084044	9.9597998046875	1.9015108096918618	0.7616795235290191
47	layer4.1	4	1	conv1_weight	layer4.1.conv1.weight	2359296	False	0.5934963226318359	0.08524409294128418	0.94	0.8390869903564453	0.6000576627361728	13.52498291015625	2.6454599966262955	0.0852440052642487
47	layer4.1	4	1	bn1_gamma	layer4.1.bn1.weight	512	False	0.5424478912353515	0.03419565200805664	0.98	0.4358758544921875	0.7424019529810243	16.64331787109375	3.3789658412375227	0.03419556433102116
47	layer4.1	4	1	conv1_weight_bn1_gamma	layer4.1.conv1.weight,layer4.1.bn1.weight	2359808	False	0.6014632797241211	0.09321105003356933	0.94	0.8359808349609374	0.5892682674847282	13.281494140625	2.6462753895806084	0.09321096235653385
47	layer4.1	4	1	conv2_weight	layer4.1.conv2.weight	2359296	False	0.5941238403320312	0.08587160110473632	0.95	0.8573875427246094	0.60515336417907	13.633682861328126	2.6082402472740123	0.08587151342770084
47	layer4.1	4	1	bn2_gamma	layer4.1.bn2.weight	512	False	1.1489303588867188	0.6406781005859375	0.87	0.15626688957214355	1.8597922490086511	41.366728515625	8.14724263171289	0.640678012908902
47	layer4.1	4	1	conv2_weight_bn2_gamma	layer4.1.conv2.weight,layer4.1.bn2.weight	2359808	False	2.086675109863281	1.5784228515625	0.48	0.8916766357421875	1.4856414724679696	33.4606689453125	4.6145153117635225	1.5784227638854647
48	layer1.0	1	0	conv1_weight	layer1.0.conv1.weight	36864	True	0.8426288604736328	0.23831409454345703	0.87	0.8839288330078126	0.6345468974115691	14.279833984375	2.8306169270143213	0.23831400663941169
48	layer1.0	1	0	bn1_gamma	layer1.0.bn1.weight	64	True	0.6528608703613281	0.048546037673950194	0.93	0.6578287506103515	0.6738571098838504	15.156175537109375	3.0440225750641203	0.04854594976990484
48	layer1.0	1	0	conv1_weight_bn1_gamma	layer1.0.conv1.weight,layer1.0.bn1.weight	36928	True	0.9433409881591797	0.3390262222290039	0.83	0.932406997680664	0.6461650398528439	14.5352685546875	2.895291705942598	0.33902613432495854
48	layer1.0	1	0	conv2_weight	layer1.0.conv2.weight	36864	True	1.1283173370361328	0.5240025329589844	0.79	0.9688484191894531	0.6677961731103292	15.02513671875	2.955352665080768	0.524002445054939
48	layer1.0	1	0	bn2_gamma	layer1.0.bn2.weight	64	True	0.6396052551269531	0.035290443897247316	0.93	0.6697386932373047	0.668360459434392	15.03399658203125	3.03120734506071	0.03529035599320196
48	layer1.0	1	0	conv2_weight_bn2_gamma	layer1.0.conv2.weight,layer1.0.bn2.weight	36928	True	8.3236181640625	7.71930419921875	0.17	0.9026115417480469	0.8187087652873875	18.0528076171875	3.2891908674474943	7.719304111314705
48	layer1.1	1	1	conv1_weight	layer1.1.conv1.weight	36864	True	0.9766114807128906	0.3722966003417969	0.8	0.9663468933105469	0.652468293687577	14.66716552734375	2.8708317610058587	0.3722965124377515
48	layer1.1	1	1	bn1_gamma	layer1.1.bn1.weight	64	True	0.6162824630737305	0.011967629194259644	0.95	0.6095783233642578	0.6728857767516621	15.1329736328125	3.029991233485668	0.011967541290214285
48	layer1.1	1	1	conv1_weight_bn1_gamma	layer1.1.conv1.weight,layer1.1.bn1.weight	36928	True	0.97829833984375	0.37398353576660154	0.84	0.9040815734863281	0.6509938198563877	14.63220458984375	2.8803682219032343	0.37398344786255616
48	layer1.1	1	1	conv2_weight	layer1.1.conv2.weight	36864	True	0.9125169372558594	0.3082021713256836	0.84	0.8830078125	0.6707417427547154	15.07946533203125	2.9691965453637454	0.30820208342163824
48	layer1.1	1	1	bn2_gamma	layer1.1.bn2.weight	64	True	0.6496707916259765	0.04535598278045654	0.93	0.6548368835449219	0.6688843494119021	15.05439697265625	3.0247208032312667	0.04535589487641119
48	layer1.1	1	1	conv2_weight_bn2_gamma	layer1.1.conv2.weight,layer1.1.bn2.weight	36928	True	0.9577976989746094	0.3534828186035156	0.81	0.940772933959961	0.6742106873703171	15.15939208984375	3.0129025923932553	0.3534827306994702
48	layer2.0	2	0	conv1_weight	layer2.0.conv1.weight	73728	True	1.9671939086914063	1.3628790283203125	0.51	1.5419903564453126	0.6143093244001119	13.82591796875	2.7240531611919767	1.3628789404162671
48	layer2.0	2	0	bn1_gamma	layer2.0.bn1.weight	128	True	0.7790885925292969	0.17477378845214844	0.9	0.8194645690917969	0.6424486951716334	14.451055908203125	2.85661540332261	0.1747737005481031
48	layer2.0	2	0	conv1_weight_bn1_gamma	layer2.0.conv1.weight,layer2.0.bn1.weight	73856	True	2.1345809936523437	1.53026611328125	0.48	1.527329864501953	0.5927419035063771	13.32537841796875	2.5172087405993966	1.5302660253772047
48	layer2.0	2	0	conv2_weight	layer2.0.conv2.weight	147456	True	2.0386672973632813	1.434352569580078	0.49	1.5060122680664063	0.59687154878747	13.42681884765625	2.554669055743816	1.4343524816760327
48	layer2.0	2	0	bn2_gamma	layer2.0.bn2.weight	128	True	0.6346129989624023	0.03029815196990967	0.99	0.6690595245361328	0.6545136651112663	14.728165283203126	2.962299835009954	0.03029806406586431
48	layer2.0	2	0	conv2_weight_bn2_gamma	layer2.0.conv2.weight,layer2.0.bn2.weight	147584	True	5.638945922851563	5.0346307373046875	0.23	1.1304685974121094	0.7712050275504193	17.026988525390625	3.1062527665983657	5.0346306494006425
48	layer2.1	2	1	conv1_weight	layer2.1.conv1.weight	147456	True	0.8067691040039062	0.2024542808532715	0.86	0.8083052062988281	0.6556565571509665	14.741395263671874	2.917311610241525	0.20245419294922615
48	layer2.1	2	1	bn1_gamma	layer2.1.bn1.weight	128	True	0.6202443695068359	0.015929572582244873	0.96	0.6381671905517579	0.6606562455654889	14.866748046875	2.980482867758176	0.015929484678199515
48	layer2.1	2	1	conv1_weight_bn1_gamma	layer2.1.conv1.weight,layer2.1.bn1.weight	147584	True	0.9207460021972657	0.3164311790466309	0.83	0.8504325866699218	0.6398273843202354	14.382476806640625	2.84342855326101	0.3164310911425855
48	layer2.1	2	1	conv2_weight	layer2.1.conv2.weight	147456	True	0.8583131408691407	0.25399829864501955	0.84	0.8879903411865234	0.6529726571730435	14.676983642578126	2.910887429118481	0.2539982107409742
48	layer2.1	2	1	bn2_gamma	layer2.1.bn2.weight	128	True	0.6441536712646484	0.03983886003494263	0.93	0.663458251953125	0.6596777343027167	14.84297119140625	2.9815854109013884	0.039838772130897274
48	layer2.1	2	1	conv2_weight_bn2_gamma	layer2.1.conv2.weight,layer2.1.bn2.weight	147584	True	1.0094635009765625	0.4051487731933594	0.82	0.8977310180664062	0.6513964983566377	14.6506884765625	2.9096018305775107	0.405148685289314
48	layer3.0	3	0	conv1_weight	layer3.0.conv1.weight	294912	True	1.956466827392578	1.3521519470214844	0.41	2.0929080200195314	0.5215984776854972	11.76206298828125	2.416913223773249	1.352151859117439
48	layer3.0	3	0	bn1_gamma	layer3.0.bn1.weight	256	True	0.6232084274291992	0.01889358401298523	0.96	0.6629338836669922	0.6488913250939841	14.602225341796874	2.9468417946167387	0.01889349610893987
48	layer3.0	3	0	conv1_weight_bn1_gamma	layer3.0.conv1.weight,layer3.0.bn1.weight	295168	True	2.1642669677734374	1.5599522399902344	0.43	2.1560322570800783	0.5161202381715371	11.641907958984374	2.4346237838216402	1.559952152086189
48	layer3.0	3	0	conv2_weight	layer3.0.conv2.weight	589824	True	2.423625946044922	1.8193112182617188	0.34	2.4869790649414063	0.46484641707480673	10.46975830078125	2.204179446245246	1.8193111303576734
48	layer3.0	3	0	bn2_gamma	layer3.0.bn2.weight	256	True	0.6397704696655273	0.03545563459396362	0.96	0.7199710083007812	0.6264527793192372	14.10173583984375	2.8399122455632324	0.035455546689918266
48	layer3.0	3	0	conv2_weight_bn2_gamma	layer3.0.conv2.weight,layer3.0.bn2.weight	590080	True	2.586367492675781	1.9820526123046875	0.37	2.5344183349609377	0.46768696600936915	10.53266357421875	2.2107690969434146	1.9820525244006422
48	layer3.1	3	1	conv1_weight	layer3.1.conv1.weight	589824	False	0.6065870666503906	0.002272240072488785	0.98	0.6003013610839844	0.6783192158697585	15.252127685546874	3.075260151596934	0.0022721521684434267
48	layer3.1	3	1	bn1_gamma	layer3.1.bn1.weight	256	False	0.8387338256835938	0.23441904067993163	0.88	1.1246243286132813	0.5652835721722094	12.70457763671875	2.4264429502102454	0.23441895277588629
48	layer3.1	3	1	conv1_weight_bn1_gamma	layer3.1.conv1.weight,layer3.1.bn1.weight	590080	False	0.971284408569336	0.3669696044921875	0.78	1.329236297607422	0.5395751815042658	12.102152099609375	2.333115456717691	0.36696951658814214
48	layer3.1	3	1	conv2_weight	layer3.1.conv2.weight	589824	False	0.6084062576293945	0.00409141480922699	0.99	0.5914077758789062	0.6830818395774747	15.36064453125	3.084809176634756	0.004091326905181631
48	layer3.1	3	1	bn2_gamma	layer3.1.bn2.weight	256	False	0.8234972381591796	0.21918241500854493	0.87	1.169810791015625	0.5415475019787406	12.161500244140624	2.4200497153984255	0.21918232710449959
48	layer3.1	3	1	conv2_weight_bn2_gamma	layer3.1.conv2.weight,layer3.1.bn2.weight	590080	False	1.71118896484375	1.1068742370605469	0.51	1.9723074340820312	0.5505069130611576	12.306962890625	2.2049319717397178	1.1068741491565015
48	layer4.0	4	0	conv1_weight	layer4.0.conv1.weight	1179648	False	1.4762908935546875	0.871976089477539	0.63	1.879542236328125	0.4978340729506909	11.2164453125	2.1725974517843842	0.8719760015734936
48	layer4.0	4	0	bn1_gamma	layer4.0.bn1.weight	512	False	0.620228385925293	0.015913562774658205	0.97	0.6502259063720703	0.6574491462332372	14.78755126953125	2.983702345660505	0.015913474870612846
48	layer4.0	4	0	conv1_weight_bn1_gamma	layer4.0.conv1.weight,layer4.0.bn1.weight	1180160	False	1.4680487060546874	0.8637338256835938	0.66	1.6370716857910157	0.6672130856756163	15.0427783203125	2.5976927863971904	0.8637337377795484
48	layer4.0	4	0	conv2_weight	layer4.0.conv2.weight	2359296	False	1.4075555419921875	0.8032408142089844	0.7	2.261636047363281	0.4365107441876543	9.84010498046875	1.9249644883088104	0.803240726304939
48	layer4.0	4	0	bn2_gamma	layer4.0.bn2.weight	512	False	0.6109214401245118	0.006606613397598267	0.99	0.668066635131836	0.6468155543337877	14.553721923828125	2.904854772617729	0.006606525493552908
48	layer4.0	4	0	conv2_weight_bn2_gamma	layer4.0.conv2.weight,layer4.0.bn2.weight	2359808	False	1.4235110473632813	0.8191963958740235	0.69	2.2929447937011718	0.4462025311010532	10.058839721679687	1.9062282785647684	0.8191963079699781
48	layer4.1	4	1	conv1_weight	layer4.1.conv1.weight	2359296	False	0.7271981811523438	0.12288331031799317	0.89	1.0053631591796874	0.6031973523635838	13.5823828125	2.6271430240377094	0.1228832224139478
48	layer4.1	4	1	bn1_gamma	layer4.1.bn1.weight	512	False	0.649415283203125	0.045100440979003904	0.97	0.4916511535644531	0.7520325140721508	16.872039794921875	3.3972309496117568	0.04510035307495855
48	layer4.1	4	1	conv1_weight_bn1_gamma	layer4.1.conv1.weight,layer4.1.bn1.weight	2359808	False	0.7600896453857422	0.1557748031616211	0.87	1.0108629608154296	0.5905491048501029	13.30011962890625	2.615531435005131	0.15577471525757575
48	layer4.1	4	1	conv2_weight	layer4.1.conv2.weight	2359296	False	0.7171786499023437	0.1128637981414795	0.89	1.0019579315185547	0.6094372839764449	13.718746337890625	2.588977084438949	0.11286371023743413
48	layer4.1	4	1	bn2_gamma	layer4.1.bn2.weight	512	False	1.440491943359375	0.8361770629882812	0.91	0.1763490295410156	1.9009779170247152	42.2791748046875	8.333931770179067	0.8361769750842358
48	layer4.1	4	1	conv2_weight_bn2_gamma	layer4.1.conv2.weight,layer4.1.bn2.weight	2359808	False	2.3039027404785157	1.699587860107422	0.43	0.9576547241210938	1.4948191371967672	33.59478271484375	4.603921053026431	1.6995877722033765
49	layer1.0	1	0	conv1_weight	layer1.0.conv1.weight	36864	True	0.8122785949707031	0.22815738677978514	0.85	0.8145452117919922	0.6254251483678422	14.0691357421875	2.7901681456948073	0.2281572700140532
49	layer1.0	1	0	bn1_gamma	layer1.0.bn1.weight	64	True	0.632917251586914	0.048796100616455076	0.93	0.6598557281494141	0.6617179429230615	14.871806640625	3.0068544090959906	0.04879598385072313
49	layer1.0	1	0	conv1_weight_bn1_gamma	layer1.0.conv1.weight,layer1.0.bn1.weight	36928	True	0.9576749420166015	0.3735537338256836	0.78	0.8719528198242188	0.6366325909880857	14.32623046875	2.8705571649942803	0.3735536170599516
49	layer1.0	1	0	conv2_weight	layer1.0.conv2.weight	36864	True	1.0507225036621093	0.46660125732421875	0.71	0.941103515625	0.6515506734163482	14.64604248046875	2.907691577953205	0.4666011405584868
49	layer1.0	1	0	bn2_gamma	layer1.0.bn2.weight	64	True	0.6190744018554688	0.03495320796966553	0.95	0.6299736404418945	0.6587598489390643	14.8109423828125	3.0015022280518133	0.034953091203933584
49	layer1.0	1	0	conv2_weight_bn2_gamma	layer1.0.conv2.weight,layer1.0.bn2.weight	36928	True	7.8492578125	7.26513671875	0.2	0.9383438110351563	0.8331444284587607	18.2429638671875	3.340399957340438	7.265136601984268
49	layer1.1	1	1	conv1_weight	layer1.1.conv1.weight	36864	True	0.9055608367919922	0.32143966674804686	0.81	0.9362767028808594	0.6430839574412965	14.448583984375	2.867927714395884	0.3214395499823149
49	layer1.1	1	1	bn1_gamma	layer1.1.bn1.weight	64	True	0.594408950805664	0.010287766456604003	0.97	0.6130227661132812	0.664769729097685	14.94120361328125	3.0036649488583107	0.010287649690872057
49	layer1.1	1	1	conv1_weight_bn1_gamma	layer1.1.conv1.weight,layer1.1.bn1.weight	36928	True	0.8980250549316406	0.31390380859375	0.83	0.9514647674560547	0.6409894697303348	14.40715087890625	2.8739102554272637	0.313903691828018
49	layer1.1	1	1	conv2_weight	layer1.1.conv2.weight	36864	True	0.8051075744628906	0.2209864616394043	0.84	0.8365072631835937	0.6589765601381611	14.8063134765625	2.9347640184093167	0.22098634487367236
49	layer1.1	1	1	bn2_gamma	layer1.1.bn2.weight	64	True	0.6186448669433594	0.03452368259429932	0.93	0.612851333618164	0.6570379848792752	14.76660888671875	2.980609994195819	0.034523565828567374
49	layer1.1	1	1	conv2_weight_bn2_gamma	layer1.1.conv2.weight,layer1.1.bn2.weight	36928	True	0.877823486328125	0.2937023162841797	0.81	0.9409202575683594	0.6586851733049244	14.80598876953125	2.958135762181986	0.2937021995184477
49	layer2.0	2	0	conv1_weight	layer2.0.conv1.weight	73728	True	1.7590742492675782	1.1749530029296875	0.56	1.5099148559570312	0.6061345255884634	13.647354736328126	2.7126399733469975	1.1749528861639555
49	layer2.0	2	0	bn1_gamma	layer2.0.bn1.weight	128	True	0.7158061981201171	0.13168500900268554	0.86	0.7648674011230469	0.6342958598264447	14.2592724609375	2.8409004954415424	0.1316848922369536
49	layer2.0	2	0	conv1_weight_bn1_gamma	layer2.0.conv1.weight,layer2.0.bn1.weight	73856	True	1.9316917419433595	1.3475706481933594	0.44	1.5025624084472655	0.5843340364674271	13.1444970703125	2.5109082333390838	1.3475705314276274
49	layer2.0	2	0	conv2_weight	layer2.0.conv2.weight	147456	True	1.8906459045410156	1.306524658203125	0.46	1.4683059692382812	0.5878807619604532	13.22850830078125	2.5294536063891346	1.306524541437393
49	layer2.0	2	0	bn2_gamma	layer2.0.bn2.weight	128	True	0.619561767578125	0.03544054985046387	0.94	0.6487801361083985	0.6477120848218124	14.563994140625	2.9402657192845685	0.03544043308473192
49	layer2.0	2	0	conv2_weight_bn2_gamma	layer2.0.conv2.weight,layer2.0.bn2.weight	147584	True	5.611272583007812	5.027151489257813	0.25	1.0827600860595703	0.7746823552042759	17.18636962890625	3.1050918364035547	5.027151372492081
49	layer2.1	2	1	conv1_weight	layer2.1.conv1.weight	147456	True	0.7441400146484375	0.1600188446044922	0.84	0.7841783142089844	0.6414661672208167	14.4222509765625	2.8862870829146567	0.16001872783876026
49	layer2.1	2	1	bn1_gamma	layer2.1.bn1.weight	128	True	0.5999077606201172	0.015786559581756593	0.98	0.5947574615478516	0.6535764457277788	14.6924365234375	2.962090557148785	0.01578644281602465
49	layer2.1	2	1	conv1_weight_bn1_gamma	layer2.1.conv1.weight,layer2.1.bn1.weight	147584	True	0.8301741790771484	0.24605297088623046	0.82	0.8406686401367187	0.6291973923344786	14.1475	2.8228609158086413	0.24605285412049852
49	layer2.1	2	1	conv2_weight	layer2.1.conv2.weight	147456	True	0.8369837951660156	0.25286264419555665	0.84	0.7875181579589844	0.6407817072053965	14.414793701171876	2.901202740890405	0.2528625274298247
49	layer2.1	2	1	bn2_gamma	layer2.1.bn2.weight	128	True	0.6059938049316407	0.021872615814208983	0.98	0.6083820724487304	0.653666382323493	14.69046142578125	2.961366739995234	0.02187249904847704
49	layer2.1	2	1	conv2_weight_bn2_gamma	layer2.1.conv2.weight,layer2.1.bn2.weight	147584	True	0.9796990966796875	0.3955779266357422	0.81	0.8501493072509766	0.6403490914519516	14.4055517578125	2.901902393258602	0.39557780987001023
49	layer3.0	3	0	conv1_weight	layer3.0.conv1.weight	294912	True	1.94541015625	1.3612889099121093	0.46	2.10834228515625	0.5180095489682267	11.68290771484375	2.3734982093947323	1.3612887931463773
49	layer3.0	3	0	bn1_gamma	layer3.0.bn1.weight	256	True	0.6034347534179687	0.019313549995422362	0.93	0.631397705078125	0.6415850632867143	14.421787109375	2.9270691132513424	0.019313433229690417
49	layer3.0	3	0	conv1_weight_bn1_gamma	layer3.0.conv1.weight,layer3.0.bn1.weight	295168	True	2.12212158203125	1.53800048828125	0.41	2.200850372314453	0.5131408034759023	11.5735400390625	2.3952631477303283	1.538000371515518
49	layer3.0	3	0	conv2_weight	layer3.0.conv2.weight	589824	True	2.3103952026367187	1.7262741088867188	0.36	2.530049591064453	0.4660365391760264	10.501312255859375	2.189547791497139	1.7262739921209869
49	layer3.0	3	0	bn2_gamma	layer3.0.bn2.weight	256	True	0.6157117080688477	0.031590509414672854	0.94	0.6917791748046875	0.626077927879065	14.067933349609374	2.834802958320031	0.03159039264894091
49	layer3.0	3	0	conv2_weight_bn2_gamma	layer3.0.conv2.weight,layer3.0.bn2.weight	590080	True	2.4326412963867186	1.8485202026367187	0.36	2.5197454833984376	0.4708126412404997	10.61092041015625	2.206242475199632	1.8485200858709867
49	layer3.1	3	1	conv1_weight	layer3.1.conv1.weight	589824	False	0.5868319702148438	0.002710796594619751	0.98	0.5818326568603516	0.6720501622596796	15.106304931640626	3.0601848391886395	0.0027106798288878053
49	layer3.1	3	1	bn1_gamma	layer3.1.bn1.weight	256	False	0.8325593566894531	0.2484381103515625	0.9	1.136670379638672	0.5541763744603425	12.43593017578125	2.3751860124524984	0.24843799358583055
49	layer3.1	3	1	conv1_weight_bn1_gamma	layer3.1.conv1.weight,layer3.1.bn1.weight	590080	False	0.9856991577148437	0.40157791137695314	0.81	1.2931423950195313	0.5350728436372443	11.9825634765625	2.3082580181004464	0.4015777946112212
49	layer3.1	3	1	conv2_weight	layer3.1.conv2.weight	589824	False	0.5895613479614258	0.005440179109573364	0.99	0.5767679595947266	0.6762267092150822	15.201845703125	3.0692278141252403	0.005440062343841419
49	layer3.1	3	1	bn2_gamma	layer3.1.bn2.weight	256	False	0.7721103668212891	0.18798919677734374	0.87	1.1003392791748048	0.5337060678881539	11.9569677734375	2.391759208067359	0.1879890800116118
49	layer3.1	3	1	conv2_weight_bn2_gamma	layer3.1.conv2.weight,layer3.1.bn2.weight	590080	False	1.6568635559082032	1.0727423095703126	0.55	1.8832632446289062	0.5460653535066046	12.1939013671875	2.206852962931604	1.0727421928045806
49	layer4.0	4	0	conv1_weight	layer4.0.conv1.weight	1179648	False	1.3683761596679687	0.7842549133300781	0.7	1.7669732666015625	0.4936542273239288	11.1226123046875	2.1681144601934648	0.7842547965643462
49	layer4.0	4	0	bn1_gamma	layer4.0.bn1.weight	512	False	0.5970672607421875	0.012946082353591919	0.96	0.6404742431640625	0.6504995040715736	14.620589599609374	2.961503128691577	0.012945965587859973
49	layer4.0	4	0	conv1_weight_bn1_gamma	layer4.0.conv1.weight,layer4.0.bn1.weight	1180160	False	1.4083555603027345	0.8242343902587891	0.66	1.552059326171875	0.659398603694827	14.8587109375	2.5884456303445895	0.8242342734930571
49	layer4.0	4	0	conv2_weight	layer4.0.conv2.weight	2359296	False	1.3659527587890625	0.7818315124511719	0.73	2.1642489624023438	0.43336234851433886	9.766945190429688	1.892600001486051	0.7818313956854399
49	layer4.0	4	0	bn2_gamma	layer4.0.bn2.weight	512	False	0.5917978668212891	0.007676658630371094	0.99	0.647523193359375	0.6359002479683515	14.29813232421875	2.8658848709866205	0.007676541864639149
49	layer4.0	4	0	conv2_weight_bn2_gamma	layer4.0.conv2.weight,layer4.0.bn2.weight	2359808	False	1.3961724853515625	0.8120512390136718	0.69	2.213455810546875	0.4427444024445663	9.976586303710938	1.8766208619151072	0.8120511222479398
49	layer4.1	4	1	conv1_weight	layer4.1.conv1.weight	2359296	False	0.6830026245117188	0.0988814353942871	0.9	0.926114501953125	0.5993811276692441	13.490185546875	2.621252384357523	0.09888131862855516
49	layer4.1	4	1	bn1_gamma	layer4.1.bn1.weight	512	False	0.6280410766601563	0.04391986846923828	0.93	0.5092926025390625	0.7408027789663175	16.6024658203125	3.3573710883666106	0.043919751703506336
49	layer4.1	4	1	conv1_weight_bn1_gamma	layer4.1.conv1.weight,layer4.1.bn1.weight	2359808	False	0.712574462890625	0.1284532642364502	0.87	0.9468306732177735	0.5890035665562778	13.25697021484375	2.621247317595194	0.12845314747071826
49	layer4.1	4	1	conv2_weight	layer4.1.conv2.weight	2359296	False	0.6811509704589844	0.09702976226806641	0.9	0.9049770355224609	0.6040009931341431	13.59822021484375	2.582903526072935	0.09702964550233446
49	layer4.1	4	1	bn2_gamma	layer4.1.bn2.weight	512	False	1.4867074584960938	0.9025863647460938	0.88	0.13128166198730468	1.8518617077600499	41.27560546875	8.16621814244513	0.9025862479803618
49	layer4.1	4	1	conv2_weight_bn2_gamma	layer4.1.conv2.weight,layer4.1.bn2.weight	2359808	False	2.049937438964844	1.4658163452148438	0.55	0.8313628387451172	1.4716374750291448	33.1426611328125	4.595515647073786	1.4658162284491119
50	layer1.0	1	0	conv1_weight	layer1.0.conv1.weight	36864	True	0.7840941619873046	0.21648138046264648	0.85	0.7895990753173828	0.6269223670901447	14.106815185546875	2.8166038115521324	0.21648127199616282
50	layer1.0	1	0	bn1_gamma	layer1.0.bn1.weight	64	True	0.6056057739257813	0.037993030548095705	0.95	0.5828732299804688	0.66389945149055	14.9201513671875	3.031822368642332	0.03799292208161205
50	layer1.0	1	0	conv1_weight_bn1_gamma	layer1.0.conv1.weight,layer1.0.bn1.weight	36928	True	0.8831134033203125	0.31550064086914065	0.83	0.8647608947753906	0.6453826644474857	14.51265625	2.9343155611658402	0.315500532402657
50	layer1.0	1	0	conv2_weight	layer1.0.conv2.weight	36864	True	0.9509372711181641	0.38332443237304686	0.77	0.9113670349121094	0.6569929876083926	14.770633544921875	2.9388183211964636	0.38332432390656324
50	layer1.0	1	0	bn2_gamma	layer1.0.bn2.weight	64	True	0.6515680694580078	0.08395530700683594	0.93	0.5759560012817383	0.6581066497823836	14.794676513671876	3.022165769361436	0.08395519854035229
50	layer1.0	1	0	conv2_weight_bn2_gamma	layer1.0.conv2.weight,layer1.0.bn2.weight	36928	True	7.526494140625	6.958881225585937	0.22	0.995984878540039	0.8202685535103303	17.905220947265626	3.3340928301413566	6.958881117119454
50	layer1.1	1	1	conv1_weight	layer1.1.conv1.weight	36864	True	0.8946646118164062	0.32705188751220704	0.83	0.8816241455078125	0.6463066220888188	14.519853515625	2.8616327834821855	0.3270517790457234
50	layer1.1	1	1	bn1_gamma	layer1.1.bn1.weight	64	True	0.583015365600586	0.015402626991271973	0.94	0.5832824325561523	0.6614009161431514	14.873558349609375	3.0028426636272503	0.015402518524788321
50	layer1.1	1	1	conv1_weight_bn1_gamma	layer1.1.conv1.weight,layer1.1.bn1.weight	36928	True	0.8589321899414063	0.291319408416748	0.89	0.7964724731445313	0.6455984890453332	14.504266357421875	2.8838929039147763	0.2913192999502644
50	layer1.1	1	1	conv2_weight	layer1.1.conv2.weight	36864	True	0.7895687866210938	0.22195608139038087	0.88	0.6724664306640625	0.6686974620681367	15.0275537109375	2.986935616145751	0.2219559729238972
50	layer1.1	1	1	bn2_gamma	layer1.1.bn2.weight	64	True	0.6259621429443359	0.05834937572479248	0.88	0.6305046081542969	0.652006602622459	14.6627197265625	2.973297963751699	0.05834926725830882
50	layer1.1	1	1	conv2_weight_bn2_gamma	layer1.1.conv2.weight,layer1.1.bn2.weight	36928	True	0.8649378967285156	0.29732507705688477	0.83	0.8006514739990235	0.6672435013364189	14.98646728515625	3.0107930848864393	0.29732496859040114
50	layer2.0	2	0	conv1_weight	layer2.0.conv1.weight	73728	True	1.8557818603515626	1.2881690979003906	0.58	1.53114501953125	0.6052612421629593	13.6100146484375	2.6980529727471994	1.288168989433907
50	layer2.0	2	0	bn1_gamma	layer2.0.bn1.weight	128	True	0.6583006286621094	0.09068780899047851	0.93	0.7418936920166016	0.6304186190087275	14.17978271484375	2.8433145270968527	0.09068770052399486
50	layer2.0	2	0	conv1_weight_bn1_gamma	layer2.0.conv1.weight,layer2.0.bn1.weight	73856	True	2.008023986816406	1.4404112243652343	0.53	1.5962905883789062	0.5809783300669004	13.05163818359375	2.49979233512506	1.4404111158987507
50	layer2.0	2	0	conv2_weight	layer2.0.conv2.weight	147456	True	1.7255245971679687	1.1579117584228515	0.54	1.528162384033203	0.5875167519636275	13.2244482421875	2.5558624400581498	1.157911649956368
50	layer2.0	2	0	bn2_gamma	layer2.0.bn2.weight	128	True	0.6139989471435547	0.04638616561889648	0.95	0.6467086791992187	0.6436921621469186	14.47417724609375	2.9324930733081027	0.04638605715241283
50	layer2.0	2	0	conv2_weight_bn2_gamma	layer2.0.conv2.weight,layer2.0.bn2.weight	147584	True	5.746240234375	5.1786279296875	0.2	1.1535318756103516	0.7560992129988372	16.596563720703124	3.028302303890746	5.178627821221016
50	layer2.1	2	1	conv1_weight	layer2.1.conv1.weight	147456	True	0.7291355895996093	0.1615228271484375	0.88	0.806517333984375	0.6411916320292826	14.4159423828125	2.8924249125949664	0.16152271868195384
50	layer2.1	2	1	bn1_gamma	layer2.1.bn1.weight	128	True	0.5781460952758789	0.010533325672149658	1.0	0.6116334915161132	0.6492084672207632	14.601640625	2.955209383444767	0.010533217205666006
50	layer2.1	2	1	conv1_weight_bn1_gamma	layer2.1.conv1.weight,layer2.1.bn1.weight	147584	True	0.8696734619140625	0.3020606994628906	0.81	0.91816650390625	0.6267670333245838	14.096490478515625	2.821785366793513	0.302060590996407
50	layer2.1	2	1	conv2_weight	layer2.1.conv2.weight	147456	True	0.7969122314453125	0.22929946899414064	0.86	0.8940032958984375	0.6398078582347863	14.38857666015625	2.9091549997378965	0.22929936052765698
50	layer2.1	2	1	bn2_gamma	layer2.1.bn2.weight	128	True	0.5952471160888672	0.027634336948394775	0.97	0.6224817276000977	0.6495487700983877	14.606064453125	2.9626898673334	0.027634228481911122
50	layer2.1	2	1	conv2_weight_bn2_gamma	layer2.1.conv2.weight,layer2.1.bn2.weight	147584	True	0.9542535400390625	0.3866407775878906	0.78	0.9528022766113281	0.6410309486951925	14.407640380859375	2.9083454811112106	0.386640669121407
50	layer3.0	3	0	conv1_weight	layer3.0.conv1.weight	294912	True	1.8656631469726563	1.2980503845214844	0.52	1.9455839538574218	0.5212060352693278	11.73981689453125	2.4007658283347837	1.2980502760550008
50	layer3.0	3	0	bn1_gamma	layer3.0.bn1.weight	256	True	0.5894803619384765	0.021867589950561525	0.95	0.6161184692382813	0.6361774563606017	14.306552734375	2.9165192224636547	0.021867481484077873
50	layer3.0	3	0	conv1_weight_bn1_gamma	layer3.0.conv1.weight,layer3.0.bn1.weight	295168	True	2.0613746643066406	1.493761749267578	0.44	2.0357757568359376	0.5155297578645645	11.6155908203125	2.4114079458378668	1.4937616408010945
50	layer3.0	3	0	conv2_weight	layer3.0.conv2.weight	589824	True	2.2691795349121096	1.7015667724609376	0.4	2.520715637207031	0.4674237422660346	10.533048095703125	2.20118771206592	1.701566663994454
50	layer3.0	3	0	bn2_gamma	layer3.0.bn2.weight	256	True	0.6014850616455079	0.033872308731079104	0.95	0.6830960083007812	0.6170370725007793	13.87434814453125	2.8100708954579776	0.03387220026459545
50	layer3.0	3	0	conv2_weight_bn2_gamma	layer3.0.conv2.weight,layer3.0.bn2.weight	590080	True	2.4909112548828123	1.92329833984375	0.36	2.4944523620605468	0.470993532367206	10.613310546875	2.2164770047307054	1.9232982313772664
50	layer3.1	3	1	conv1_weight	layer3.1.conv1.weight	589824	False	0.5700571823120117	0.0024444089829921724	0.99	0.5559379577636718	0.6667412080417533	14.997574462890626	3.0542102088756105	0.00244430051650852
50	layer3.1	3	1	bn1_gamma	layer3.1.bn1.weight	256	False	0.9527909851074219	0.38517822265625	0.88	1.209583511352539	0.5501771468202771	12.3369970703125	2.37117315044157	0.3851781141897664
50	layer3.1	3	1	conv1_weight_bn1_gamma	layer3.1.conv1.weight,layer3.1.bn1.weight	590080	False	0.9096357727050781	0.34202301025390625	0.86	1.3273736572265624	0.5268696870909286	11.81372314453125	2.2805553736973807	0.3420229017874226
50	layer3.1	3	1	conv2_weight	layer3.1.conv2.weight	589824	False	0.5727991485595703	0.005186389684677124	0.97	0.5418487548828125	0.6709530772873664	15.09396484375	3.062187994310604	0.005186281218193471
50	layer3.1	3	1	bn2_gamma	layer3.1.bn2.weight	256	False	0.7699313354492188	0.20231861114501953	0.9	1.167020263671875	0.5251324077938173	11.7537548828125	2.376728318508449	0.20231850267853588
50	layer3.1	3	1	conv2_weight_bn2_gamma	layer3.1.conv2.weight,layer3.1.bn2.weight	590080	False	1.8585781860351562	1.2909652709960937	0.48	1.9517279052734375	0.5380720953017649	12.06691650390625	2.1878219405952577	1.2909651625296101
50	layer4.0	4	0	conv1_weight	layer4.0.conv1.weight	1179648	False	1.4166256713867187	0.8490129852294922	0.66	1.82728515625	0.49259053516409745	11.10794921875	2.1861844258319105	0.8490128767630085
50	layer4.0	4	0	bn1_gamma	layer4.0.bn1.weight	512	False	0.5835417175292968	0.015928963422775267	0.97	0.6270431518554688	0.643036352337289	14.464566650390625	2.944883009136356	0.015928854956291615
50	layer4.0	4	0	conv1_weight_bn1_gamma	layer4.0.conv1.weight,layer4.0.bn1.weight	1180160	False	1.4879905700683593	0.9203778076171875	0.57	1.5777365112304687	0.665889261289579	15.008651123046874	2.600827842966543	0.9203776991507038
50	layer4.0	4	0	conv2_weight	layer4.0.conv2.weight	2359296	False	1.312512664794922	0.74489990234375	0.75	2.1484449768066405	0.43284572652809317	9.736010131835938	1.9225312903825518	0.7448997938772663
50	layer4.0	4	0	bn2_gamma	layer4.0.bn2.weight	512	False	0.5760668182373047	0.008454048633575439	0.98	0.628040542602539	0.6335983257387178	14.25154541015625	2.867889168229832	0.008453940167091787
50	layer4.0	4	0	conv2_weight_bn2_gamma	layer4.0.conv2.weight,layer4.0.bn2.weight	2359808	False	1.3547531127929688	0.7871402740478516	0.71	2.200806884765625	0.4425848264262611	9.955645751953124	1.899306102731995	0.7871401655813679
50	layer4.1	4	1	conv1_weight	layer4.1.conv1.weight	2359296	False	0.6631794738769531	0.09556671142578126	0.92	0.9353391265869141	0.5944702277528878	13.394395751953125	2.595265521097986	0.0955666029592976
50	layer4.1	4	1	bn1_gamma	layer4.1.bn1.weight	512	False	0.6166508483886719	0.049038047790527346	0.93	0.4809647369384766	0.7353004370922718	16.4797900390625	3.3435406476518272	0.04903793932404369
50	layer4.1	4	1	conv1_weight_bn1_gamma	layer4.1.conv1.weight,layer4.1.bn1.weight	2359808	False	0.6775187683105469	0.10990592956542969	0.91	0.9456846618652344	0.5835921812227911	13.1526123046875	2.5933855165593873	0.10990582109894603
50	layer4.1	4	1	conv2_weight	layer4.1.conv2.weight	2359296	False	0.6649781036376953	0.09736532211303711	0.92	0.9245330810546875	0.6003018255838611	13.5229736328125	2.5706929999515693	0.09736521364655346
50	layer4.1	4	1	bn2_gamma	layer4.1.bn2.weight	512	False	1.5098202514648438	0.9422073364257812	0.86	0.14961331367492675	1.8390483949650258	40.8999853515625	8.123054382435217	0.9422072279592976
50	layer4.1	4	1	conv2_weight_bn2_gamma	layer4.1.conv2.weight,layer4.1.bn2.weight	2359808	False	2.3548847961425783	1.7872721862792968	0.43	0.9172280883789062	1.4764222610320847	33.2550439453125	4.5675916794302	1.7872720778128133
51	layer1.0	1	0	conv1_weight	layer1.0.conv1.weight	36864	True	0.7324909210205078	0.18663442611694336	0.89	0.8335087585449219	0.6224144517569137	13.999783935546875	2.7954242745958977	0.18663433276640717
51	layer1.0	1	0	bn1_gamma	layer1.0.bn1.weight	64	True	0.5857657623291016	0.039909353256225584	0.99	0.6210114288330079	0.664359997699266	14.91634521484375	3.0217783722917204	0.039909259905689394
51	layer1.0	1	0	conv1_weight_bn1_gamma	layer1.0.conv1.weight,layer1.0.bn1.weight	36928	True	0.8968388366699219	0.35098243713378907	0.82	0.9332242584228516	0.6396073758289875	14.37623779296875	2.8832002618618082	0.3509823437832529
51	layer1.0	1	0	conv2_weight	layer1.0.conv2.weight	36864	True	1.0156982421875	0.4698418426513672	0.8	0.9420802307128906	0.6593890003327062	14.813255615234375	2.952397330983755	0.469841749300831
51	layer1.0	1	0	bn2_gamma	layer1.0.bn2.weight	64	True	0.6180853271484374	0.07222887992858887	0.96	0.5740768432617187	0.6569467097810807	14.76622314453125	2.998221608303829	0.07222878657805268
51	layer1.0	1	0	conv2_weight_bn2_gamma	layer1.0.conv2.weight,layer1.0.bn2.weight	36928	True	8.654583740234376	8.108727416992188	0.11	1.0321444702148437	0.8400959831985438	18.399202880859374	3.3623998591036135	8.108727323641652
51	layer1.1	1	1	conv1_weight	layer1.1.conv1.weight	36864	True	0.867403564453125	0.3215471267700195	0.81	0.9894949340820313	0.6359583145971703	14.299725341796876	2.8302219435938234	0.3215470334194833
51	layer1.1	1	1	bn1_gamma	layer1.1.bn1.weight	64	True	0.5574502182006836	0.011593751907348633	1.0	0.544600715637207	0.6632244252012992	14.8986669921875	3.0104868792273454	0.011593658556812443
51	layer1.1	1	1	conv1_weight_bn1_gamma	layer1.1.conv1.weight,layer1.1.bn1.weight	36928	True	0.8613833618164063	0.3155268859863281	0.81	0.9173088836669921	0.6361981132050027	14.316861572265625	2.854620842817834	0.3155267926357919
51	layer1.1	1	1	conv2_weight	layer1.1.conv2.weight	36864	True	0.8215824890136719	0.2757259941101074	0.87	0.8288053894042968	0.6617325278044689	14.86411376953125	2.954008135144519	0.2757259007595712
51	layer1.1	1	1	bn2_gamma	layer1.1.bn2.weight	64	True	0.588826904296875	0.04297048568725586	0.94	0.6102371978759765	0.6552146955786676	14.7203076171875	2.968867366101086	0.04297039233671967
51	layer1.1	1	1	conv2_weight_bn2_gamma	layer1.1.conv2.weight,layer1.1.bn2.weight	36928	True	0.9009832763671874	0.3551268768310547	0.85	0.9058612060546875	0.6665036987751509	14.96548095703125	2.994742267708525	0.3551267834805185
51	layer2.0	2	0	conv1_weight	layer2.0.conv1.weight	73728	True	1.9465908813476562	1.4007345581054687	0.53	1.6476116943359376	0.5981248800981136	13.463731689453125	2.665243011903417	1.4007344647549325
51	layer2.0	2	0	bn1_gamma	layer2.0.bn1.weight	128	True	0.6859043884277344	0.14004794120788575	0.92	0.7731463623046875	0.6314978990920058	14.19408935546875	2.8422218421509604	0.14004784785734956
51	layer2.0	2	0	conv1_weight_bn1_gamma	layer2.0.conv1.weight,layer2.0.bn1.weight	73856	True	2.1884579467773437	1.6426014709472656	0.43	1.6194894409179688	0.5772529582281958	12.973653564453125	2.4805275239099847	1.6426013775967294
51	layer2.0	2	0	conv2_weight	layer2.0.conv2.weight	147456	True	1.98822509765625	1.4423687744140625	0.44	1.5144746398925781	0.5880632987173573	13.24356201171875	2.5256731775904817	1.4423686810635263
51	layer2.0	2	0	bn2_gamma	layer2.0.bn2.weight	128	True	0.5865916061401367	0.040735173225402835	0.99	0.6770502471923828	0.6430364413220794	14.45519775390625	2.9269368587313256	0.040735079874866645
51	layer2.0	2	0	conv2_weight_bn2_gamma	layer2.0.conv2.weight,layer2.0.bn2.weight	147584	True	5.477969360351563	4.932113037109375	0.2	1.2751469421386719	0.7575834765879094	16.66398193359375	3.019560191484846	4.932112943758839
51	layer2.1	2	1	conv1_weight	layer2.1.conv1.weight	147456	True	0.6859309387207031	0.1400745391845703	0.93	0.7564754486083984	0.6403543039939332	14.4048193359375	2.8774550658959037	0.1400744458340341
51	layer2.1	2	1	bn1_gamma	layer2.1.bn1.weight	128	True	0.5586045837402344	0.012748124599456788	0.99	0.5718196868896485	0.65052064438006	14.619979248046874	2.9564489890745618	0.012748031248920598
51	layer2.1	2	1	conv1_weight_bn1_gamma	layer2.1.conv1.weight,layer2.1.bn1.weight	147584	True	0.7771470642089844	0.23129060745239258	0.86	0.8756390380859375	0.624727876550078	14.04801513671875	2.8029568650801604	0.2312905141018564
51	layer2.1	2	1	conv2_weight	layer2.1.conv2.weight	147456	True	0.7457198333740235	0.19986337661743164	0.89	0.8396885681152344	0.6406895749180654	14.418956298828125	2.8853785496880646	0.19986328326689545
51	layer2.1	2	1	bn2_gamma	layer2.1.bn2.weight	128	True	0.5716150283813477	0.025758578777313232	0.98	0.6058639526367188	0.6501554449984502	14.607791748046875	2.954686558037925	0.025758485426777042
51	layer2.1	2	1	conv2_weight_bn2_gamma	layer2.1.conv2.weight,layer2.1.bn2.weight	147584	True	0.8780626678466796	0.3322062301635742	0.85	0.8912244415283204	0.6448998709147485	14.52173583984375	2.8960725021138543	0.332206136813038
51	layer3.0	3	0	conv1_weight	layer3.0.conv1.weight	294912	True	2.098102722167969	1.5522462463378905	0.37	2.033477478027344	0.5156711627063074	11.63480224609375	2.3793964242534282	1.5522461529873544
51	layer3.0	3	0	bn1_gamma	layer3.0.bn1.weight	256	True	0.5616883087158203	0.01583185911178589	0.99	0.6104344558715821	0.6380776275476641	14.349298095703125	2.9175878307259238	0.0158317657612497
51	layer3.0	3	0	conv1_weight_bn1_gamma	layer3.0.conv1.weight,layer3.0.bn1.weight	295168	True	2.2533270263671876	1.7074705505371093	0.39	2.1312255859375	0.5120096419439809	11.55299072265625	2.3983891892528617	1.707470457186573
51	layer3.0	3	0	conv2_weight	layer3.0.conv2.weight	589824	True	2.439050750732422	1.8931942749023438	0.42	2.5048872375488282	0.4589876371227161	10.3478759765625	2.1532557108364996	1.8931941815518076
51	layer3.0	3	0	bn2_gamma	layer3.0.bn2.weight	256	True	0.5714101028442383	0.02555366516113281	0.99	0.6618286895751954	0.6194749688732765	13.92160400390625	2.8167262690932535	0.02555357181059662
51	layer3.0	3	0	conv2_weight_bn2_gamma	layer3.0.conv2.weight,layer3.0.bn2.weight	590080	True	2.491130065917969	1.9452735900878906	0.42	2.524413299560547	0.46523648637089116	10.48638427734375	2.179927786934696	1.9452734967373544
51	layer3.1	3	1	conv1_weight	layer3.1.conv1.weight	589824	False	0.547404899597168	0.0015484640002250672	0.98	0.5378353118896484	0.6656847143475774	14.958826904296876	3.037030184859874	0.0015483706496888772
51	layer3.1	3	1	bn1_gamma	layer3.1.bn1.weight	256	False	0.7761610412597656	0.23030466079711914	0.95	1.1478672790527344	0.5547733895870866	12.43185302734375	2.4056308456670985	0.23030456744658295
51	layer3.1	3	1	conv1_weight_bn1_gamma	layer3.1.conv1.weight,layer3.1.bn1.weight	590080	False	0.9076500701904296	0.3617935943603516	0.88	1.3473483276367189	0.5335391462098448	11.96305419921875	2.331315180053954	0.3617935010098154
51	layer3.1	3	1	conv2_weight	layer3.1.conv2.weight	589824	False	0.5495210266113282	0.0036645618081092833	1.0	0.5310979461669922	0.6699121662470684	15.054381103515626	3.047677650687487	0.0036644684575730933
51	layer3.1	3	1	bn2_gamma	layer3.1.bn2.weight	256	False	0.7495591735839844	0.20370269775390626	0.92	1.1295684051513672	0.5354941622489776	11.992935791015626	2.408557578588272	0.20370260440337007
51	layer3.1	3	1	conv2_weight_bn2_gamma	layer3.1.conv2.weight,layer3.1.bn2.weight	590080	False	1.5497613525390626	1.0039049530029296	0.59	1.9069866943359375	0.5330809154820418	11.9603271484375	2.1473420161620735	1.0039048596523934
51	layer4.0	4	0	conv1_weight	layer4.0.conv1.weight	1179648	False	1.3145997619628906	0.7687432861328125	0.65	1.7714852905273437	0.4924704280437137	11.09901123046875	2.20164728811179	0.7687431927822763
51	layer4.0	4	0	bn1_gamma	layer4.0.bn1.weight	512	False	0.5598216629028321	0.013965165615081787	1.0	0.5872010040283203	0.6481313695199159	14.55471923828125	2.956304703510787	0.013965072264545597
51	layer4.0	4	0	conv1_weight_bn1_gamma	layer4.0.conv1.weight,layer4.0.bn1.weight	1180160	False	1.426236114501953	0.880379638671875	0.57	1.5424725341796874	0.6605079499545218	14.878623046875	2.6177310069982362	0.8803795453213388
51	layer4.0	4	0	conv2_weight	layer4.0.conv2.weight	2359296	False	1.2751895141601564	0.7293331146240234	0.72	2.082975158691406	0.4408528273273846	9.928606567382813	1.9585673175819105	0.7293330212734872
51	layer4.0	4	0	bn2_gamma	layer4.0.bn2.weight	512	False	0.5535703277587891	0.00771388053894043	1.0	0.6212030792236328	0.6366384930726514	14.30596923828125	2.878785008471456	0.00771378718840424
51	layer4.0	4	0	conv2_weight_bn2_gamma	layer4.0.conv2.weight,layer4.0.bn2.weight	2359808	False	1.29893798828125	0.7530815887451172	0.7	2.1236863708496094	0.4494124921881518	10.120225830078125	1.9391578592587557	0.753081495394581
51	layer4.1	4	1	conv1_weight	layer4.1.conv1.weight	2359296	False	0.6477165222167969	0.10186004638671875	0.92	0.9217559814453125	0.5993470771976055	13.49306884765625	2.628951192966503	0.10185995303618256
51	layer4.1	4	1	bn1_gamma	layer4.1.bn1.weight	512	False	0.5879716491699218	0.04211517810821533	0.99	0.46168296813964843	0.7333924298605473	16.418448486328124	3.3434603846538993	0.04211508475767914
51	layer4.1	4	1	conv1_weight_bn1_gamma	layer4.1.conv1.weight,layer4.1.bn1.weight	2359808	False	0.6786351776123047	0.13277870178222656	0.9	0.9439808654785157	0.5868466254414284	13.21591796875	2.6178006930914353	0.13277860843169037
51	layer4.1	4	1	conv2_weight	layer4.1.conv2.weight	2359296	False	0.6370022583007813	0.09114583015441895	0.95	0.9168034362792968	0.6036855671937883	13.580888671875	2.588183182755811	0.09114573680388276
51	layer4.1	4	1	bn2_gamma	layer4.1.bn2.weight	512	False	1.408515167236328	0.86265869140625	0.84	0.13638055801391602	1.8257219114769025	40.534013671875	8.051793278518767	0.8626585980557138
51	layer4.1	4	1	conv2_weight_bn2_gamma	layer4.1.conv2.weight,layer4.1.bn2.weight	2359808	False	2.2860874938964844	1.7402310180664062	0.44	0.9984864044189453	1.4672803692985559	32.97333984375	4.564364002793817	1.74023092471587
52	layer1.0	1	0	conv1_weight	layer1.0.conv1.weight	36864	True	0.7264143371582031	0.21026384353637695	0.86	0.7213721466064453	0.6343514273637583	14.261934814453125	2.812802761481864	0.2102637531037908
52	layer1.0	1	0	bn1_gamma	layer1.0.bn1.weight	64	True	0.58130126953125	0.06515071868896484	0.92	0.5929103851318359	0.6775340797326868	15.1929345703125	3.040222802279464	0.0651506282563787
52	layer1.0	1	0	conv1_weight_bn1_gamma	layer1.0.conv1.weight,layer1.0.bn1.weight	36928	True	0.9161441802978516	0.3999936294555664	0.81	0.7916889953613281	0.6498188940248955	14.60001708984375	2.891394829922057	0.39999353902298024
52	layer1.0	1	0	conv2_weight	layer1.0.conv2.weight	36864	True	0.9677333068847657	0.45158279418945313	0.77	0.8390937805175781	0.6729672943375828	15.09448974609375	2.985271658492741	0.451582703756867
52	layer1.0	1	0	bn2_gamma	layer1.0.bn2.weight	64	True	0.5646148681640625	0.04846431732177734	0.93	0.5573818206787109	0.6689112388676083	15.0052685546875	3.0202907558710304	0.04846422688919119
52	layer1.0	1	0	conv2_weight_bn2_gamma	layer1.0.conv2.weight,layer1.0.bn2.weight	36928	True	7.741932983398438	7.225782470703125	0.19	0.8629898834228515	0.8285015358596959	18.40892822265625	3.27001648505019	7.225782380270539
52	layer1.1	1	1	conv1_weight	layer1.1.conv1.weight	36864	True	0.8115733337402343	0.2954227828979492	0.84	0.7902948760986328	0.6553286524334148	14.70236083984375	2.8855707840910783	0.29542269246536307
52	layer1.1	1	1	bn1_gamma	layer1.1.bn1.weight	64	True	0.5275325393676757	0.01138197660446167	0.98	0.5391461181640625	0.6767458061705545	15.17908203125	3.027498838769389	0.011381886171875522
52	layer1.1	1	1	conv1_weight_bn1_gamma	layer1.1.conv1.weight,layer1.1.bn1.weight	36928	True	0.8317835235595703	0.31563297271728513	0.84	0.7710978698730468	0.657283180371458	14.751571044921874	2.9197011298247633	0.315632882284699
52	layer1.1	1	1	conv2_weight	layer1.1.conv2.weight	36864	True	0.75337158203125	0.23722110748291014	0.84	0.7685326385498047	0.6794639763563743	15.22058349609375	2.980022808218085	0.237221017050324
52	layer1.1	1	1	bn2_gamma	layer1.1.bn2.weight	64	True	0.5567916107177734	0.0406411075592041	0.93	0.5595660018920898	0.6712368653786526	15.0631591796875	3.0223539563558734	0.040641017126617954
52	layer1.1	1	1	conv2_weight_bn2_gamma	layer1.1.conv2.weight,layer1.1.bn2.weight	36928	True	0.7984385681152344	0.28228805541992186	0.85	0.8269094848632812	0.6841524781379406	15.340921630859375	3.0259710476556116	0.2822879649873357
52	layer2.0	2	0	conv1_weight	layer2.0.conv1.weight	73728	True	1.8381990051269532	1.32204833984375	0.58	1.4029476928710938	0.6141021327461413	13.804071044921875	2.7129402004559555	1.3220482494111638
52	layer2.0	2	0	bn1_gamma	layer2.0.bn1.weight	128	True	0.6686918640136719	0.15254128456115723	0.88	0.7099481201171876	0.6460230132453317	14.487296142578124	2.863123703885321	0.1525411941285711
52	layer2.0	2	0	conv1_weight_bn1_gamma	layer2.0.conv1.weight,layer2.0.bn1.weight	73856	True	2.206889343261719	1.6907386779785156	0.43	1.479989013671875	0.5936666972299376	13.337586669921874	2.5105807346110183	1.6907385875459295
52	layer2.0	2	0	conv2_weight	layer2.0.conv2.weight	147456	True	2.0988505554199217	1.5827000427246094	0.44	1.4526181030273437	0.59648098548071	13.40279541015625	2.566565677125758	1.5826999522920233
52	layer2.0	2	0	bn2_gamma	layer2.0.bn2.weight	128	True	0.5494641494750977	0.03331361293792725	0.95	0.5781752014160156	0.6596547767116346	14.8023828125	2.9653676785096987	0.0333135225053411
52	layer2.0	2	0	conv2_weight_bn2_gamma	layer2.0.conv2.weight,layer2.0.bn2.weight	147584	True	6.0184033203125	5.502252197265625	0.23	1.062861785888672	0.7871986175757574	17.305325927734376	3.1435633642412872	5.502252106833039
52	layer2.1	2	1	conv1_weight	layer2.1.conv1.weight	147456	True	0.7018160247802734	0.1856654930114746	0.82	0.7256448364257813	0.6542878380905778	14.698720703125	2.9017407221786717	0.18566540257888847
52	layer2.1	2	1	bn1_gamma	layer2.1.bn1.weight	128	True	0.5298756408691406	0.013725085258483887	0.97	0.5363682174682617	0.6655730464521338	14.93770263671875	2.997459862116589	0.013724994825897738
52	layer2.1	2	1	conv1_weight_bn1_gamma	layer2.1.conv1.weight,layer2.1.bn1.weight	147584	True	0.760255355834961	0.24410484313964845	0.83	0.801296615600586	0.6354942933073214	14.280233154296875	2.8207033143349194	0.2441047527070623
52	layer2.1	2	1	conv2_weight	layer2.1.conv2.weight	147456	True	0.7856910705566407	0.26954050064086915	0.84	0.7916365814208984	0.6501225869416919	14.61001220703125	2.8838808487869256	0.269540410208283
52	layer2.1	2	1	bn2_gamma	layer2.1.bn2.weight	128	True	0.5421981811523438	0.026047630310058592	0.95	0.5431974029541016	0.6678719148102316	14.981634521484375	3.002385509890427	0.026047539877472443
52	layer2.1	2	1	conv2_weight_bn2_gamma	layer2.1.conv2.weight,layer2.1.bn2.weight	147584	True	0.9539458465576172	0.43779529571533204	0.8	0.8454867553710937	0.6485937311792336	14.5829931640625	2.8890761390970643	0.4377952052827459
52	layer3.0	3	0	conv1_weight	layer3.0.conv1.weight	294912	True	1.8965473937988282	1.380396728515625	0.48	2.0941827392578123	0.5183351627493381	11.68812255859375	2.3848412879581735	1.3803966380830388
52	layer3.0	3	0	bn1_gamma	layer3.0.bn1.weight	256	True	0.5317353439331055	0.015584793090820313	0.96	0.5695615386962891	0.6500686902651044	14.58817626953125	2.9437259818553083	0.015584702658234164
52	layer3.0	3	0	conv1_weight_bn1_gamma	layer3.0.conv1.weight,layer3.0.bn1.weight	295168	True	2.140162048339844	1.6240115356445313	0.45	2.245664367675781	0.5117184890862884	11.54268310546875	2.4056560955381796	1.6240114452119452
52	layer3.0	3	0	conv2_weight	layer3.0.conv2.weight	589824	True	2.464991455078125	1.9488409423828126	0.38	2.4855477905273435	0.46806643681214694	10.547939453125	2.2069175689748812	1.9488408519502265
52	layer3.0	3	0	bn2_gamma	layer3.0.bn2.weight	256	True	0.5419359588623047	0.025785446166992188	0.97	0.6249141693115234	0.6327217093435387	14.193670654296875	2.837917370185397	0.02578535573440604
52	layer3.0	3	0	conv2_weight_bn2_gamma	layer3.0.conv2.weight,layer3.0.bn2.weight	590080	True	2.5180303955078127	2.0018798828125	0.34	2.489502258300781	0.4729275919230643	10.63858642578125	2.217957957221011	2.001879792379914
52	layer3.1	3	1	conv1_weight	layer3.1.conv1.weight	589824	False	0.5178855895996094	0.0017350836098194123	0.98	0.5108978271484375	0.6866842528131276	15.402049560546875	3.102901741716937	0.0017349931772332639
52	layer3.1	3	1	bn1_gamma	layer3.1.bn1.weight	256	False	0.8115033721923828	0.2953528022766113	0.88	1.0490380859375	0.5712252568535313	12.79667236328125	2.4415627999807827	0.2953527118440252
52	layer3.1	3	1	conv1_weight_bn1_gamma	layer3.1.conv1.weight,layer3.1.bn1.weight	590080	False	0.8418063354492188	0.32565582275390625	0.77	1.1324845886230468	0.5510255096124429	12.3255224609375	2.3793544785035707	0.3256557323213201
52	layer3.1	3	1	conv2_weight	layer3.1.conv2.weight	589824	False	0.5195083618164062	0.0033578228950500487	0.99	0.5099254608154297	0.689391817387514	15.468077392578126	3.101474699638867	0.0033577324624639005
52	layer3.1	3	1	bn2_gamma	layer3.1.bn2.weight	256	False	0.6831558990478516	0.1670053482055664	0.91	1.0647438812255858	0.5405455249736989	12.078272705078126	2.3910159810998755	0.16700525777298025
52	layer3.1	3	1	conv2_weight_bn2_gamma	layer3.1.conv2.weight,layer3.1.bn2.weight	590080	False	1.446555633544922	0.9304052734375	0.61	1.8446853637695313	0.5560258049225288	12.40630126953125	2.2070327046455382	0.9304051830049138
52	layer4.0	4	0	conv1_weight	layer4.0.conv1.weight	1179648	False	1.1337635803222657	0.6176130676269531	0.8	1.651370849609375	0.4987452594273649	11.23338134765625	2.195653376560153	0.6176129771943669
52	layer4.0	4	0	bn1_gamma	layer4.0.bn1.weight	512	False	0.5260261917114257	0.00987565279006958	0.98	0.5560714721679687	0.6623236079481901	14.85349609375	2.990513386109482	0.009875562357483431
52	layer4.0	4	0	conv1_weight_bn1_gamma	layer4.0.conv1.weight,layer4.0.bn1.weight	1180160	False	1.2271047973632812	0.7109541320800781	0.68	1.4370765686035156	0.6684422435476265	15.059261474609375	2.602122180788212	0.7109540416474919
52	layer4.0	4	0	conv2_weight	layer4.0.conv2.weight	2359296	False	1.1801887512207032	0.6640381622314453	0.76	2.0073265075683593	0.4372068458405068	9.845550537109375	1.919641181477674	0.6640380717988591
52	layer4.0	4	0	bn2_gamma	layer4.0.bn2.weight	512	False	0.5210800552368164	0.004929526448249817	1.0	0.5750127792358398	0.6496258465759739	14.5755078125	2.907022746729031	0.004929436015663668
52	layer4.0	4	0	conv2_weight_bn2_gamma	layer4.0.conv2.weight,layer4.0.bn2.weight	2359808	False	1.2087409973144532	0.6925904083251954	0.72	2.058216857910156	0.44594647169277435	10.042017211914063	1.9012179484477838	0.6925903178926092
52	layer4.1	4	1	conv1_weight	layer4.1.conv1.weight	2359296	False	0.6110578918457031	0.09490735054016114	0.91	0.8127369689941406	0.6125097157233252	13.76813232421875	2.653836845022693	0.094907260107575
52	layer4.1	4	1	bn1_gamma	layer4.1.bn1.weight	512	False	0.5586048126220703	0.042454257011413574	0.96	0.42385520935058596	0.7508019292645063	16.78466796875	3.3607443139504083	0.042454166578827425
52	layer4.1	4	1	conv1_weight_bn1_gamma	layer4.1.conv1.weight,layer4.1.bn1.weight	2359808	False	0.6389982223510742	0.12284767150878906	0.91	0.8227474975585938	0.5997444244290973	13.48030029296875	2.64411537073366	0.12284758107620292
52	layer4.1	4	1	conv2_weight	layer4.1.conv2.weight	2359296	False	0.6094210815429687	0.09327050209045411	0.91	0.8181813812255859	0.6184503619691127	13.900677490234376	2.6161619072603286	0.09327041165786797
52	layer4.1	4	1	bn2_gamma	layer4.1.bn2.weight	512	False	1.40347900390625	0.8873284912109375	0.89	0.12887764930725099	1.8637984083145736	41.4394140625	8.11611437203789	0.8873284007783513
52	layer4.1	4	1	conv2_weight_bn2_gamma	layer4.1.conv2.weight,layer4.1.bn2.weight	2359808	False	2.0569723510742186	1.5408218383789063	0.48	0.8671070098876953	1.4961462743717293	33.64892822265625	4.584299462567863	1.5408217479463202
